Uniprot	Prize
A9Z1X7	21.071311313713856
Q99081	21.06493145926055
Q14152	20.85789158041955
B0YIW2	18.542406625401664
P69905	18.542406625401664
H3BLZ8	18.196934917356717
P02787	17.719582437207848
Q9Y2R4	17.190463383742745
Q9UKV3-5	17.13580375567927
Q96DC7-2	16.897015158419013
P23142	16.897015158419013
P37802-2	16.274083658334575
Q9NZ63	16.274083658334575
Q9NRA8-3	16.274083658334575
P02765	16.274083658334575
O60869	15.79086796248886
Q15388	15.79086796248886
Q9H1E3	15.79086796248886
Q92576	15.79086796248886
Q9Y2W1	15.7214761705682
P18031	15.443836839104806
P51957	15.443836839104806
Q6PKG0	15.443836839104806
Q92922	15.443836839104806
Q9UQ35	15.443836839104806
Q5T5H1	15.443836839104806
Q9H6F5	15.443836839104806
O96013	15.443836839104806
Q13740-2	15.38072371626338
Q8N684-3	15.293976327096376
Q8WWM7	15.21427196842434
P61978-2	15.21427196842434
P49207	15.176886015264028
Q14738	15.126198193230165
A0A075B738	15.126198193230165
Q5JTH9	15.034879178342228
P52594-4	14.939438197491754
P02786	14.939438197491754
Q8NBM4	14.753930879238576
O60749	14.730881673685902
Q96BH1	14.62141532834385
Q15027	14.62141532834385
Q99490-2	14.621168908889056
Q8IU60	14.621168908889056
Q13243	14.621168908889056
P48634	14.621168908889056
P06748	14.579200859938705
A0A087X0X3	14.579200859938705
O43719	14.579200859938705
P16949	14.579200859938705
G0XQ39	14.579200859938705
P01106	14.523168246933807
Q7Z5J4	14.523168246933807
Q9NQC3	14.458314904374504
O75151	14.412142664611077
Q96T58	14.395101572386631
Q00403	14.292095147533969
Q49A26	14.292095147533969
O14646	14.292095147533969
Q8TEA8	14.292095147533969
F8VX04	14.272028894514438
Q93100-3	14.140039580422245
P29350-2	14.140039580422245
P52756	14.140039580422245
Q9NX58	14.11872426863695
Q9UIQ6	14.108985759996376
P02768	14.059248195735153
P62805	14.059248195735153
P68363-2	13.997430448780474
Q9HBD4	13.989693442464368
Q9Y2W2	13.97897715236234
Q86Y91-4	13.908056474117856
F8W0Q9	13.880238425605874
Q15154	13.880238425605874
Q01082	13.880238425605874
Q9H4L5	13.880001713634847
O75995	13.880001713634847
P38935	13.880001713634847
O15127	13.880001713634847
O15042	13.79906792889002
O75396	13.794356422527082
Q9Y2D5	13.794356422527082
Q9BXB4	13.794356422527082
P04004	13.68874694448392
B7ZL14	13.659848118019934
P49790-3	13.659091954797207
P18858	13.59169947496984
P98179	13.539473982975995
Q14739	13.523549032137971
Q96HY6	13.523549032137971
Q8NCD3	13.514355911091808
Q9BVC5	13.514355911091808
E7ESS2	13.514355911091808
P20742	13.51410313266584
Q9Y5B9	13.508279153162022
Q9H814	13.500732352549582
P16383	13.458577954497345
P07766	13.458577954497345
Q9UPP1	13.458577954497345
O75449	13.458577954497345
P46013	13.397327642841184
Q6JBY9	13.383769960234037
P11171	13.342818245058288
Q9Y6X9	13.323239846125265
P29590-9	13.261227541264597
Q13094	13.260660557587942
A8MXP9	13.25117365004309
P04637	13.244316125495093
A0A0A0MTS7	13.236038274295295
Q5TEC6	13.15702262182402
Q9ULU4-19	13.155023017884352
M0QYC1	13.153109247056069
Q9Y314	13.135709204007696
Q9BTA9	12.993987067995075
Q16718-2	12.98408298827214
Q92609-2	12.93970488132085
P06396-2	12.857332581536657
P19823	12.857332581536657
Q7Z5R6	12.771821102130906
O75533	12.762215433951555
Q13242	12.762215433951555
Q9Y520-7	12.755112386584218
Q6DN12	12.755112386584218
Q3KQU3	12.735728051971156
P06493	12.735728051971156
Q86V48	12.735728051971156
Q9UKJ3	12.735728051971156
O14681	12.732539404999594
Q8TBB5	12.63644077696673
O94874-2	12.63644077696673
Q01130	12.61052721748533
P38159	12.585756566738729
Q96DF8	12.532849127711808
Q8WUM0	12.532849127711808
P42166	12.532849127711808
Q16566	12.504317624127228
Q14684	12.467365025830786
O95231	12.467365025830786
Q14677-3	12.45928754980582
Q13428-8	12.412995251587017
O75791	12.390750306461378
P17483	12.389167756767527
Q04760	12.37940069597622
Q13185	12.35838877435104
O60293	12.325601732323285
Q6P3S6	12.325601732323285
E9PCW1	12.303924300332069
P16150	12.303924300332069
Q9NWQ8	12.256181359047408
Q9ULR3	12.256181359047408
Q9Y2V2	12.256181359047408
O75494	12.256181359047408
Q8N999	12.249955348128548
Q9H4L4	12.191556372231112
A0A0G2JNZ2	12.165170705479362
Q66PJ3	12.163217436927178
Q07666	12.163217436927178
P42167	12.117619467500981
B7ZKJ8	12.08695517462943
P08697	12.08695517462943
P01024	12.080434993556889
P02788	12.080434993556889
Q9Y6G9	12.066727405637538
P49750-4	12.066727405637538
P22626	12.066727405637538
Q6UN15	12.061922086684131
P06400	12.045935506833425
Q8ND56-2	12.044774875642684
P16402	12.036744572659067
O95644	12.036744572659067
O14545	11.982350811396602
Q14847	11.980181169123737
Q2KHT3	11.977847236197064
Q96D05-2	11.961734664255715
P27816-5	11.961734664255715
O95793	11.960368299729467
M0QXA7	11.928628105327542
Q9H400	11.919385207780698
Q9NX00	11.877066100824297
P23588-2	11.877066100824297
Q92733	11.877066100824297
Q14149	11.877066100824297
E7EQT4	11.877066100824297
Q92667	11.877066100824297
P43487	11.875344765152024
O00571-2	11.841497662012157
Q9Y4P8	11.838467561846263
Q6FI81	11.838467561846263
P33991	11.821617222364525
Q9UN86-2	11.78803854116884
Q7L2J0	11.778121667749167
Q92769	11.778121667749167
Q7Z460	11.778121667749167
Q03252	11.755133130233114
E7EQZ4	11.68389996302957
P02748	11.68389996302957
P50750-2	11.680091300307824
Q15172	11.680091300307824
O75152	11.651188486245177
Q15149-2	11.60943643371269
Q6P2E9	11.60943643371269
Q12986	11.538989364977066
Q13619	11.490982037348662
B7WPE2	11.490982037348662
C9JV77	11.439714535771214
O95625	11.401022581215024
P17096	11.401022581215024
Q9UHD8	11.381480467042069
P62753	11.381480467042069
Q14643	11.381480467042069
Q9UI08-2	11.378739689267535
P08670	11.3615179066227
P25205-2	11.361291633386982
A0A0C4DGT3	11.361291633386982
Q5T200	11.361291633386982
Q15063	11.339082339686769
P05543	11.339082339686769
Q96GN5	11.339055497560024
Q9Y2H0	11.281511231836204
Q12849	11.233651645063942
Q9UK76	11.219546682479919
Q9HCD5	11.2026391482869
P28749	11.192893970381924
P21291	11.190336329803573
P02647	11.175846934775176
P02774-3	11.173581474988184
Q8WV93	11.173581474988184
O15294	11.173581474988184
P84085	11.173581474988184
Q12834	11.165809947234685
Q8N6H7	11.152728847083488
Q13547	11.139368986962097
O14974	11.125535184257608
Q9HCN8	11.064125984467688
P55209	11.064125984467688
P20962	11.064125984467688
Q86VZ1	11.057806602094928
P36955	11.043514705555632
Q13098-7	11.039772201227043
F8WA39	11.011356997513222
P24534	10.999772230456218
Q96PQ6	10.989677307967117
O94906	10.989677307967117
Q9BWD1-2	10.96989392269256
Q15629	10.933320647964367
Q9P270	10.92365535140876
Q9Y4F3-5	10.92365535140876
Q14671	10.92365535140876
Q9NQW6	10.92365535140876
Q7Z2W4	10.870316730595867
Q9BYW2	10.870135566273436
P26358	10.870135566273436
Q8NDT2	10.870135566273436
Q5T5C0	10.86895324241272
O76031	10.819972011229293
Q9HC52	10.783610366088725
Q9UPN4	10.767711718935452
Q8TCJ2	10.664596284545107
Q2KHR2	10.647422516174055
P13807	10.63259844859889
Q9UIG0	10.629746109145442
P49792	10.626830312801548
P57740	10.6194027521882
Q9Y5L4	10.617389342794198
Q7L2H7	10.617389342794198
Q3B7T1	10.579442934001898
Q96PK6	10.574211427784187
O75145	10.574211427784187
Q9NYF8	10.57145674826315
E9PFI5	10.549334750450488
P15153	10.549334750450488
Q14181	10.547600762851605
P63220	10.546006381131285
P62995	10.54455031034194
Q13574	10.54006306066868
P06239-3	10.54006306066868
Q9Y5J1	10.54006306066868
Q15032-3	10.537649114801496
Q92794	10.53550881776347
J3KTL2	10.53550881776347
Q04637-8	10.53550881776347
B4DY08	10.527495930760841
Q96N67	10.505582687414908
Q9NYF3	10.496224105717177
Q9NQS7	10.454550018952773
P60709	10.451375745512724
P01023	10.451375745512724
E9PGC8	10.430092474307813
Q9H2K8	10.394009069727966
P09693	10.394009069727966
Q5VT52	10.352379029020492
Q32MZ4-3	10.304727695851913
Q9C0C9	10.304528698787795
Q15287	10.304528698787795
Q92615	10.282230588174261
Q6R327-3	10.275232437729182
Q13283	10.275232437729182
O00303	10.27252408442049
Q9NPQ8	10.27252408442049
Q15056	10.262690515886474
P20700	10.248020488691504
Q13111	10.242251938771552
Q8NG31	10.242251938771552
Q14157-5	10.242251938771552
Q96T37	10.228525022836482
Q9H4E7	10.218832802758968
Q7Z417	10.21435793695151
Q12968	10.139269512459132
Q9Y385	10.091699826698278
O43318	10.091699826698278
P49915	10.091699826698278
C9JQE8	10.091699826698278
Q9BZI7	10.07952417704695
P36915	10.041610682533795
Q14692	10.041610682533795
P29590-2	9.958453870782064
F8W8D3	9.910022612421917
P42677	9.89144776637181
P18615	9.876119423785862
Q92522	9.866869753148094
Q9NU19	9.847400000385012
Q14980	9.832039424303058
P26368	9.820709442054795
Q86YV0	9.811882564869176
Q53EL6	9.798594947618135
Q75N03	9.795355170930291
Q06546	9.78813820602534
O60832	9.78588120181327
Q1MSJ5	9.783828509552478
Q9NYP9	9.78117805988423
P17152	9.779256188859618
P00747	9.764725612247139
A0A5E8	9.74649958584446
I1E4Y6	9.739413353163881
Q99590	9.706904803363981
J3KPD3	9.686522032796637
O60496	9.628500707665626
Q9Y2U5	9.628500707665626
Q5UIP0	9.625551858542794
O00308	9.60072689190232
E7ERS3	9.597377204837988
A1L0T0	9.523824628591303
A0FGR8-2	9.517568702920862
Q01196	9.48925608869115
Q13595	9.4678148933618
Q13435	9.461292839915663
Q9NVM6	9.455271141291336
Q92608	9.450045214606709
A6NMQ1	9.442125652814275
P05452	9.413616492006218
Q6XZF7	9.39583677374314
Q9Y2I7	9.392093825374122
P00492	9.38573642122616
P16989	9.376263175326352
Q13247	9.357328655829768
P62750	9.356534417134393
Q99729-3	9.35165565749661
O75190	9.346972599782992
P55011	9.343094840582408
O00231	9.338607138433204
Q9BXI6-2	9.338607138433204
Q9BRA2	9.33615493748136
Q9UH03	9.33615493748136
F5H8D7	9.33394237625674
P08238	9.324634846207617
Q8IZD4	9.324634846207617
P19827	9.30460524512401
Q8TC07-3	9.297463855302817
Q8WY36	9.297463855302817
Q06945	9.295296544917118
Q9UI10-3	9.273766009468606
P61927	9.246560417714006
A0A0U1RRH7	9.223656380010732
P07996	9.223656380010732
Q8ND61	9.223656380010732
Q6KC79-2	9.203774226492481
Q9C0C7-3	9.181869034535238
Q15003	9.181869034535238
Q6PJI9	9.181869034535238
Q14966	9.174828807183964
Q7LBC6	9.155341303594934
V9GYM8	9.153412915321653
O14828	9.153412915321653
B4DNK4	9.139836755198733
Q96FS4	9.134817723571038
Q9Y3U8	9.12929750174881
E9PRY8	9.12929750174881
Q9HB71	9.117302605034135
O60784-2	9.08514310050407
Q9NYZ3	9.083842019912424
Q96L91	9.04467640291432
Q00839	9.044016448652183
P53634	9.037543212115962
Q13422	8.988363076975496
Q13148	8.988363076975496
Q7Z5L9-2	8.9834037161632
P19174	8.922055215204477
Q99613	8.915667862900014
P62310	8.914145362421836
P09496-2	8.914145362421836
Q92979	8.914145362421836
X6RAL5	8.914145362421836
Q9HCE1-2	8.913874611931204
F8VP89	8.913874611931204
P50747	8.88801795536161
Q6IQ49	8.88801795536161
Q6P4F7	8.88801795536161
P51452	8.84413537546247
O95801	8.834830291535267
Q9H992	8.811839231623118
Q96S55	8.811839231623118
J3KNR0	8.811839231623118
Q3ZCQ8-2	8.787905253843366
Q9NW64	8.787417630484732
Q15751	8.774827088211955
Q5SRN5	8.774827088211955
A0A0B4J1V8	8.774827088211955
Q53GS9	8.774827088211955
A0A0G2JNG9	8.77237797449773
A0A0C4DG17	8.758097973630258
Q9NWH9	8.75505932139542
P27540	8.748606720543096
O75179	8.748606720543096
Q8ND76	8.736749123287781
Q3V6T2	8.736749123287781
Q92747	8.730478842286788
Q8NE71	8.725793434090708
P50914	8.716604704576335
P26599-3	8.701459160527087
P48730-2	8.698811115164785
Q9Y383	8.69394416327107
Q8TF74	8.68109272438398
Q8NC44	8.68109272438398
Q96B97	8.68109272438398
Q14209	8.68109272438398
O00418	8.68109272438398
Q9UHB7	8.68109272438398
Q9H307	8.677341937675207
Q9NTI5	8.67611809482474
P18621-3	8.654888754410822
Q9Y277	8.649077368920793
Q8NHG8	8.637562539814098
Q8IWI9-3	8.637562539814098
P06753	8.636867149472417
Q9NZI8	8.636867149472417
P31942	8.621676178701492
O43809	8.621676178701492
O75081-2	8.608051971516423
A0A0A0MR07	8.607607516238515
Q9NR30	8.576947200611578
O60264	8.56473191657708
Q9BRD0	8.554713902170331
P78414	8.540036709259367
P52732	8.525729972932089
P49796	8.525439647908135
Q5JSZ5	8.520000851407985
P32519	8.520000851407985
P84103	8.485755537615493
P19338	8.485755537615493
P49585	8.485755537615493
Q8NFA0	8.485755537615493
P10412	8.485755537615493
Q9UJU6	8.485755537615493
P41236	8.475396095585829
P41440	8.468993088526695
P29966	8.457799896889183
P53801	8.450928170186693
Q13469	8.441421202454608
Q8WWQ0	8.426597955783274
J3QR29	8.426597955783274
O94804	8.42586784782274
Q9HBU6	8.419990478928334
Q96ST2	8.419990478928334
O43566	8.403248049860846
Q86TB9-4	8.402555450004964
P14625	8.3959033975843
O75531	8.378214516834777
Q9BTD8	8.356209680186474
Q9UJK0	8.310793976485083
A0A0A0MT22	8.293587010718122
P37108	8.244262252462702
O14641	8.227654101632625
O75347	8.22681477784441
Q9BZE4	8.226558961165546
Q96GK7	8.224916264928995
P61006	8.21244388211396
Q8TAP9	8.201229197112086
O15047	8.201229197112086
Q9BSW2-2	8.201229197112086
Q5T3J3	8.201229197112086
Q9Y3R5	8.201229197112086
Q9NZJ0	8.201229197112086
C9JYS8	8.201229197112086
Q9Y4B5	8.201229197112086
O76064	8.201229197112086
Q96A65	8.201229197112086
Q12789	8.200351446351124
P05204	8.200351446351124
X6RAB3	8.196730393396574
Q8IYW5	8.196730393396574
P52948	8.196730393396574
Q13573	8.196730393396574
Q8NFC6	8.196730393396574
Q14571	8.196730393396574
P17480	8.196730393396574
A0A0A0MT60	8.196730393396574
Q08AE8	8.196730393396574
M0R2Z9	8.196730393396574
P52566	8.196730393396574
Q9NXR1	8.196730393396574
O95104	8.195895811024272
A0A0A0MRJ7	8.195895811024272
Q49AR2	8.191921342524457
P13639	8.174033685965036
O75323	8.172022880826994
P63241-2	8.166667893444894
Q9Y3S1	8.165767668520893
Q16539-2	8.150283518890424
K7ER00	8.144298286037179
Q9BU76	8.135846453476598
Q9NWQ4	8.128731280819713
P62273	8.120555323970114
Q9UQ80	8.119968688853206
Q5VTL8	8.113406862924627
Q9BVA0	8.067194783731365
Q9UP95	8.047652327606963
P30304	8.047652327606963
Q6NUK1	8.047652327606963
Q9H211	8.047297652716333
P13598	8.042782870454694
P06732	8.042782870454694
Q5FBB7	8.033077280933043
H0Y449	8.029686300031544
Q96BY6-3	8.01716805786891
O95071	8.010264605511194
O94964-2	8.010264605511194
H0Y4E8	8.00797664367268
Q96ER9	8.005147942645339
Q15648	7.986475554759722
E7EVA0	7.983300843245775
O95562	7.983300843245775
O60669	7.976569177228488
Q9H6A9	7.9738936506667155
P27815	7.9738936506667155
P16401	7.9738936506667155
Q9BTE6	7.970529094453572
Q7L4I2	7.970481110509521
P10242-4	7.952811965994259
P42345	7.952811965994259
Q9BSK4	7.944576707575394
I3L2J0	7.9322700728315665
Q86WJ1	7.9322700728315665
Q9ULJ3	7.920060080726981
Q92797	7.91829581926921
P28482	7.904397211945913
P26358-2	7.904397211945913
Q8N5U6-2	7.904397211945913
A0A0A0MRV0	7.904397211945913
Q9BW71	7.904397211945913
O95218-2	7.904397211945913
P46019	7.904397211945913
X6R7X0	7.904397211945913
Q9UHB6-4	7.904397211945913
Q9ULW0	7.904397211945913
O94913	7.904397211945913
Q9Y2F5	7.904397211945913
M0R088	7.904397211945913
P52565	7.889377406514423
Q96GM8	7.884222354938216
A0A075B746	7.884222354938216
P27701	7.878360155126525
Q92506	7.878360155126525
Q96EY5	7.876768199556691
O95685	7.846665838917639
Q92538-2	7.842118797199203
Q96JM3	7.842118797199203
P30041	7.8403543319184275
Q9NPA8	7.8403543319184275
Q5VTU8	7.80345454263035
Q8N3F8	7.800523480337926
P30291	7.800523480337926
Q8TF50	7.800523480337926
A0A1B0GTW1	7.8003814679234535
Q14978-2	7.792413973155483
Q96P11-2	7.791334599760816
Q9NRY4	7.791183945231767
O60563	7.791183945231767
A2RRD8	7.791183945231767
Q5VV67	7.791183945231767
A0A0J9YYD9	7.791183945231767
Q07864	7.784576030191956
E9PDJ2	7.778517465820253
Q9H0B6	7.772904712053331
O95248-4	7.767309217692602
P15814	7.763512468618045
P31946	7.75908328662311
A6QL63	7.755540786058102
Q96T23	7.755540786058102
O75937	7.755540786058102
O60343-2	7.755540786058102
Q9BQG0-2	7.755540786058102
Q5JTV8	7.755540786058102
Q15052	7.755540786058102
Q86U86	7.755540786058102
Q9BY43-2	7.755540786058102
Q86X95	7.755540786058102
Q96HA1	7.755540786058102
Q9H3N1	7.755540786058102
Q8IY63	7.755540786058102
O43776	7.755540786058102
P54278	7.755540786058102
P14921	7.755540786058102
Q9P265	7.755540786058102
P78371	7.755540786058102
O75717	7.755540786058102
Q86XK3-2	7.755540786058102
Q7LDG7-2	7.755540786058102
Q5TGY3	7.742572226583675
A0A087WZG4	7.729839428933718
Q7Z5K2-3	7.727221892458604
Q6ZU80	7.719897298688242
D6RAF8	7.719809253723439
O75385	7.718065411896988
Q9Y5W3	7.710088792194822
P84101	7.704067039726251
Q9UMN6	7.704067039726251
Q92973	7.704067039726251
B5MCU0	7.704067039726251
Q02078	7.704067039726251
Q96PY6-3	7.704067039726251
O15355	7.704067039726251
O43586	7.702135423781063
P04350	7.690204463485355
P06127	7.688806925300803
Q9UBF8-2	7.688013392574055
Q9NVG8	7.687272053604887
Q7Z7G8	7.684892922976901
Q15555	7.6803203050915805
Q9BTC0	7.67537512692677
Q8TAD8	7.665038448664546
P18077	7.654001071846851
P43403	7.6519071673614665
Q96Q45-3	7.63736505841698
O43166	7.63736505841698
O94782	7.63736505841698
Q9Y6B7	7.63736505841698
Q16875-4	7.63736505841698
O76021	7.63736505841698
P13994	7.63736505841698
P62979	7.63736505841698
Q9P2N5	7.63736505841698
O14578-4	7.63736505841698
P55199	7.63736505841698
Q69YQ0	7.63736505841698
Q6W2J9	7.63736505841698
P35269	7.63736505841698
P62851	7.63736505841698
P49902	7.63736505841698
Q13769	7.63736505841698
Q8IWZ8	7.63736505841698
Q13112	7.63736505841698
Q8IVT5	7.63736505841698
Q00613	7.63736505841698
O94915	7.63736505841698
P25054	7.63736505841698
A0A0A0MQU4	7.63736505841698
F5H527	7.632473829764611
Q96EV2	7.628399992204673
O15117-3	7.628399992204673
Q9BZX2	7.628399992204673
A0A140T9T7	7.628399992204673
A0A1B0GW41	7.628399992204673
O00161	7.628399992204673
Q96F86	7.61530287882122
Q5H9F3-3	7.61530287882122
H0Y5F5	7.613607318763477
A0A0G2JPR0	7.613417463400352
P18065	7.613417463400352
P20290	7.608982655956259
P40692	7.604625213597487
Q9C0C2	7.600279182386695
O75909	7.597414430864489
Q96DI7	7.595523328020764
Q14669-3	7.593028169996399
X6RLX0	7.593028169996399
A0A087WXK8	7.593028169996399
Q14241	7.584218944502427
Q8WWY3	7.5833579842174546
Q16666	7.576219374038903
Q9NZR1	7.574386184542149
O75182	7.570490123705461
P16403	7.570187047286655
Q5SQI0	7.567081386300411
Q13576	7.567081386300411
Q8IZP0	7.567081386300411
B8ZZS0	7.564441189700448
Q96MU7	7.564441189700448
P12270	7.564441189700448
P49790	7.561364804124503
Q9BWH2	7.561290906310382
P09960-2	7.558917979596433
P56385	7.556543844687872
Q8WUA4	7.551432284519069
Q9BVG9	7.547413077866557
A0A024R4E5	7.529624108120847
Q15424-4	7.529624108120847
P00519-2	7.529624108120847
P27708	7.529624108120847
Q96EP0	7.5224488464953305
Q14232	7.516508405844795
Q8N9N7	7.504034584488604
Q9NSY1	7.496929545543208
P31751	7.495453790951356
P16104	7.494614780056791
O43399	7.494614780056791
O60307	7.486669477666888
Q9Y4B6	7.486669477666888
Q9NVC6	7.4706362774245925
Q53F19	7.468100632070694
Q9P209	7.463826308226083
Q14188	7.463826308226083
P42331-4	7.463050724119231
Q02880	7.460698755106794
Q16186	7.454896712567085
Q9Y2Z0	7.454896712567085
P78549	7.454896712567085
P23246	7.454896712567085
Q96CB8	7.4535282389365465
A0A0J9YWL0	7.448065392045885
O75368	7.435562743988978
P18085	7.4290568915187825
P35443	7.420424659685534
Q14657	7.420424659685534
Q96I23	7.420424659685534
P04114	7.420424659685534
P15169	7.420424659685534
Q96S15	7.420424659685534
P02751	7.420424659685534
A0AVF1	7.420424659685534
Q16659	7.419546126907021
O43395	7.419546126907021
Q13627	7.41718743464183
Q9BUQ8	7.4154352783776725
Q9ULT8	7.414047267841841
P61956	7.414047267841841
Q96A19	7.414047267841841
Q86V59	7.406767406817029
Q9NSC5	7.405150542619176
Q9H1B7	7.393147118190781
Q9NPG3	7.39085833433821
Q5SW79	7.39085833433821
P46783	7.3889944724050265
Q9ULX3	7.3889944724050265
Q92890-1	7.37784245978514
Q9H6D3	7.376199788360549
Q9NPA5	7.376199788360549
O15014	7.358540984016037
Q5W0V3	7.351976587389533
Q92844	7.351976587389533
A0A087WTF0	7.351976587389533
P22694-2	7.351976587389533
A0A087X1Z1	7.351976587389533
O00257	7.351976587389533
A0A1B0GV70	7.349896462268012
Q86X53	7.349896462268012
Q9UNL2-2	7.349422823261054
O94762	7.340001648274394
Q9NUQ3	7.3334320756127855
B9EGE7	7.3334320756127855
Q14011	7.3334320756127855
Q8N163	7.3334320756127855
P35268	7.332857633263155
Q9UKT7	7.330128213910775
O43290	7.330128213910775
P17544-6	7.3297932536186226
Q13506	7.327498666571594
Q96R06	7.327498666571594
P21359	7.327498666571594
Q13118	7.315718361662164
Q765P7	7.312556789304827
O94761	7.312136403976616
Q15906-2	7.3089158327283865
Q14155-5	7.3089158327283865
Q8TF01	7.3089158327283865
Q96N16-2	7.3089158327283865
Q8IV04	7.30702671603406
Q9C0B5	7.306952719080981
O15173-2	7.306952719080981
Q76N32	7.306952719080981
O75592	7.306952719080981
Q8TB72-3	7.298912309269284
Q15459	7.298912309269284
O00472	7.298912309269284
Q13131-2	7.296573226882112
P20674	7.293944714612514
O14672	7.289862130413575
Q8IUW5	7.289862130413575
Q6NUT3-3	7.289862130413575
Q01433	7.289862130413575
Q13415	7.2815120448642014
J3QS41	7.271282190052022
Q7L9B9	7.263389999770357
P53367-2	7.256904332292715
J3KQ96	7.256904332292715
P61221	7.251705935025992
Q5SSJ5	7.2452690372213855
Q92804	7.2452690372213855
A2RU30	7.242820776712985
Q9Y6Q9	7.242820776712985
Q9NYV4	7.242820776712985
Q7KZ85	7.235148082123761
P46109	7.235148082123761
Q7Z569	7.235148082123761
Q15398	7.23403359062319
H0YEM9	7.233125750230692
Q53HC0	7.231727896520532
Q969S3	7.2256573290620585
Q96RT1-8	7.2256573290620585
P60174	7.223863730997177
F5H2A4	7.214186612227419
O14757	7.207390628851315
Q02040	7.207157275729647
O00479	7.207157275729647
Q9H9B1	7.207157275729647
Q9C0K0	7.203176266197375
Q7Z2Z1	7.188444530478751
Q96EZ8-2	7.188444530478751
H7BZJ3	7.185836278674609
P52597	7.183183155570039
Q9P1Y6	7.1672347060342245
O60499	7.166967561829327
Q09161	7.154051840272842
Q15334	7.146079787206571
A0A087X188	7.146079787206571
P49773	7.145259631948896
O75175	7.1430358927148605
A0A1C7CYX9	7.134287504587113
P78347	7.123386849525515
P42684	7.123386849525515
Q6UUV9-2	7.123386849525515
Q5BKY9	7.113878887817749
J3KMZ8	7.106792765609415
Q5QJE6	7.105194619933442
E7ETA6	7.0949604571136335
Q04759	7.094035526564173
P48651	7.088719328378165
Q86UK7-2	7.084469180098394
J3KNL2	7.084469180098394
J3KPC5	7.080629735063062
O75376-2	7.080448750947801
P63244	7.061252667337395
Q9C0D5	7.05207100600385
Q9Y3Q8	7.032327393425989
Q6P4R8-2	7.027022670512018
P02686	7.027022670512018
P51451	7.027022670512018
Q29RF7	7.027022670512018
P31749	7.026561695974177
P20020	7.0264594476751325
Q96S44	7.026216377307755
Q96D71	7.023577453546911
P52292	7.022946470423384
A2VDJ0-5	7.018778026932482
Q7Z6E9	7.015967336089691
P21281	7.015967336089691
Q9H4A3-7	7.015967336089691
Q9UBH6	7.015967336089691
P29084	7.015967336089691
F5H1Z8	7.015967336089691
Q9BQF6	7.007175415288473
Q9Y2H2	7.007175153537656
Q99567	7.007175153537656
P24928	7.007175153537656
Q99717	7.007175153537656
Q14498	7.007175153537656
Q6NUJ5	7.007175153537656
Q7Z6Z7	7.006299492887343
Q9NUY8	7.00546956543275
P25686	7.005469098520264
Q9HAZ1	7.005469098520264
O75122	7.005469098520264
Q8IWB9	7.005469098520264
Q9BVI0	7.005469098520264
O96028	7.005469098520264
Q15366	6.9876970442862625
Q15121-2	6.985839832341889
F5H7W8	6.985839832341889
Q8TDB6	6.98328950488592
Q8NBZ0	6.98328950488592
C9JCP7	6.978603379302491
Q53GL0	6.978037344259741
Q68DK7	6.978037344259741
Q1KMD3	6.978037344259741
Q5T5Y3-3	6.978037344259741
P34972	6.978037344259741
P56589	6.975922320834339
Q8TAE8	6.965801290473429
Q99952	6.9654215774461985
Q6ZUT1-2	6.964628515893607
Q6WKZ4	6.956365555544908
P40337	6.956365555544908
Q9UPT5	6.956365555544908
E9PES4	6.9493756417080945
Q9H4Z2	6.9493756417080945
Q9Y519	6.9493756417080945
Q86W92	6.946803453009945
Q76L83	6.945726982682977
Q9HCG8	6.945080189572764
Q9NPI6	6.944534216259824
Q5W0Z9	6.944534216259824
Q96IZ7	6.944534216259824
Q9NS23-5	6.935350972865243
O60292	6.935350972865243
Q96A57-2	6.933507745394086
Q9Y2I8-2	6.916379936286441
Q9BUJ2	6.916379936286441
Q86YP4-3	6.916379936286441
R4GN35	6.907162445927661
Q6ZTW0	6.896743734935815
Q9NR81-2	6.896743734935815
S4R347	6.891336411897084
Q86YA3	6.876858655319236
P85037	6.872815937388006
A0A0C4DGZ1	6.868954224956273
Q13905-3	6.868954224956273
Q9Y6X4	6.868954224956273
Q8IXT5	6.86737839310525
Q08945	6.859698962712015
P38432	6.85102982101471
Q8IYB1	6.842496186586846
Q99442	6.842099926987952
Q9UKE5	6.842099926987952
P51003	6.842099926987952
Q14141	6.842099926987952
Q9Y6R1	6.842099926987952
Q68CP9	6.842099926987952
Q9UN36	6.8393773452153095
H7C0J3	6.832946310771382
P14866	6.831971423307303
P24723	6.830487693381744
Q6ZNJ1	6.82175626267127
O95777	6.815550757395575
P30414	6.813840964171242
Q9H910-3	6.810979801923382
Q9H0E3-3	6.8109083087748665
Q86U06	6.7913733240978
H7BZ55	6.790810244028697
Q7KZF4	6.790810244028697
Q8N0Z3	6.79037941471682
Q16537	6.790113441323901
Q8IZT6	6.790113441323901
Q6NXT6	6.790113441323901
Q15036	6.7832554628811765
P41182	6.7832554628811765
Q8ND82	6.7832554628811765
P52701	6.7832554628811765
Q13303	6.7832554628811765
Q9P275-2	6.7832554628811765
O00512	6.7832554628811765
P29374	6.776952929815877
O00203	6.7758741894237895
Q02224	6.7758741894237895
Q8NC56	6.7677510092138204
Q5W0B1	6.7677510092138204
Q12846	6.764048246329178
Q9H7N4	6.738530613559791
Q15233-2	6.73847167912289
O60336	6.73847167912289
E9PNI7	6.737714278285511
Q641Q2	6.737714278285511
Q8IWX8	6.721619495874167
Q8NCF5	6.720909367351803
Q6ZRI6	6.720909367351803
Q6P1L5	6.720086077477016
A0A0G2JLV7	6.7189522046820676
O15231-6	6.71416387477323
Q9H410	6.713827456249528
P29762	6.706133669203821
Q9H7F0	6.705157588312815
Q7Z4H7	6.705157588312815
Q9GZR2	6.703267199129115
Q86XZ4	6.699001690718078
Q9Y5B0	6.697171539876876
Q2M2I8	6.694436644003705
P49815	6.693123188763767
P26641-2	6.692960533876366
Q53EZ4	6.687554393280632
P35236-3	6.680832770749191
Q9NZ32	6.677391177741944
P04053	6.675827445197108
Q6L9W6	6.67304428204609
A0A0C4DFX9	6.668396730692643
G3V1A6	6.663296747509057
O95696-2	6.663296747509057
Q9Y4E8-3	6.663296747509057
Q9H2G2	6.663296747509057
P50548	6.663296747509057
Q9P2N6-3	6.663296747509057
Q8IYB4	6.663296747509057
O60683-2	6.663296747509057
Q6NW29	6.663296747509057
A0A0G2JNW7	6.663296747509057
Q6PJT7	6.663296747509057
Q96JH7	6.663296747509057
Q9BQ52	6.659911677289078
Q9HCK8	6.65209946356561
Q96Q89-2	6.646123737386921
F5H0R1	6.645482918099941
Q14207	6.645482918099941
Q0VDF9	6.636511637578723
Q15025	6.636511637578723
A0A0B4J2E5	6.636511637578723
Q8IX90	6.636511637578723
P55265-4	6.636511637578723
D6RIF6	6.634253388901525
A0A087X1R1	6.633482972246082
Q96KB5-2	6.629566387599817
P31146	6.628975018183125
Q08752	6.628975018183125
Q9UPR3	6.628975018183125
P42575	6.628975018183125
Q92556	6.626311246866409
Q92934	6.624058368998518
P11388-4	6.622852014003357
G8JLB6	6.622290273380231
P61073-2	6.619222586472636
O60486	6.619222586472636
P11274	6.600897497615801
Q9Y6R0	6.597342452337327
Q92614-2	6.593925956695829
Q9ULL5-3	6.585955257502593
Q08378	6.5814562530225
Q15643	6.5801005017666245
Q9GZP4	6.579761540283328
P78332	6.571331930718805
P60866	6.563219047240333
A0A1B0GW05	6.560821731477898
O75170	6.55461181146124
Q6KC79	6.551351520113199
C9JA08	6.551351520113199
O00139-4	6.551351520113199
O95613	6.551279581307277
P68133	6.549150193368133
P20774	6.543453349306289
Q9H1I8	6.541908094572438
A0A0A6YY96	6.531667546051975
Q9HAW4	6.531667546051975
Q6PL18	6.531667546051975
H7C0H2	6.531667546051975
Q9UKS7-7	6.531667546051975
O43896	6.5248885626998065
P01733	6.5246583643688645
Q9NQX3-2	6.518140488373166
Q7Z591	6.516552159525281
Q5VUA4	6.513892565792216
G1UD79	6.504773570818368
F8W7T1	6.498808447584347
Q9NXG2	6.498808447584347
Q05519	6.496280175830552
P35251	6.496280175830552
Q86U70	6.496280175830552
Q9NZN5	6.490623889294356
P08621	6.487239368074063
Q86UE8	6.486837323458809
Q6IA17	6.483738913721567
Q8IZC7	6.4718294295188885
P55081	6.469134940836031
P35611-6	6.466298716177742
P49454	6.4659255815856715
H9KVB4	6.465731374061421
Q9UQQ2	6.458329576731603
Q96G01	6.450680302335764
P54105	6.446447531928854
Q5T4S7-4	6.442706350663451
Q9UBC3	6.4367999171836825
Q9Y4X4	6.435068867792021
G3V4K3	6.435068867792021
Q96AY4	6.433675870865121
O00567	6.4290653041138555
Q96PE3	6.4247249862459945
Q9UK61	6.4247249862459945
Q9BWT3	6.4247249862459945
O60504	6.4240258736766815
E7EMB3	6.421442396606936
J3KNL6	6.405991828537159
O75037	6.39844591346055
Q9HB58-6	6.386666116795693
Q8TAQ2	6.386666116795693
P51114	6.379656551561958
Q2NKX9	6.379656551561958
A0A1B0GTU4	6.3770536901871875
P16520	6.37680389026739
O75962	6.373626929189897
Q92597	6.362412362275287
O75362	6.361124692389085
Q9UKA4	6.3533989361654655
Q9UGN5	6.351133646412444
P60953	6.349210078194329
Q6ZV73	6.348826599904358
P24666	6.345017975765244
Q92621	6.3445549138708515
Q99741	6.327820694774203
P30622	6.323825288383392
Q8TDY2	6.323825288383392
Q1W6H9	6.323825288383392
Q96K83	6.311541046511255
P57088	6.310653028163117
P43686	6.308424646688083
Q1ED39	6.308424646688083
Q00537-2	6.308424646688083
Q9BW19	6.304258954033828
O43143	6.304258954033828
Q6PD62	6.304258954033828
Q9NWS9	6.30081804187614
Q9P107	6.299767280669826
O60238	6.2991020786594145
Q86UE4	6.296352525857595
Q9H8Y5	6.295013165742601
Q15111	6.2936871697418555
A0A0D9SFK2	6.290302697573695
Q4LE39	6.289751952473899
Q7Z4S6-4	6.283221902510536
Q9UEY8	6.283121316969044
Q9Y3P8	6.283121316969044
Q96GA3	6.278002205973657
Q8IWZ3-6	6.273161802048767
Q14C86-4	6.269804013236979
P23528	6.269641671955305
Q92833	6.2679708292411105
Q00987-11	6.266770937231411
O75132	6.266770937231411
Q9P2R6	6.266770937231411
P50219	6.266770937231411
A6NIW2	6.261349679917033
Q00536-2	6.260311430919574
J3KR72	6.2577336817338125
Q562F6	6.255471035962143
Q9P260	6.255227701399667
P09651	6.254319765310266
Q99622	6.253095196385726
P45973	6.249603605284317
Q99623	6.2440538022111385
Q14814	6.2440538022111385
Q9UPT8	6.2440538022111385
E9PN30	6.242754103741394
Q4G0F5	6.242604044230261
Q14CW9	6.237063295650692
Q9NU22	6.237063295650692
P46531	6.2360486077189154
P18583-5	6.225611119393145
O00716	6.220218765494861
Q8WVC0	6.2186008994099895
Q6UB98	6.218436184435638
Q9Y4I1-3	6.215073144196666
Q9NXV2	6.212049745550971
P35626	6.208433813343578
P62820	6.208433813343578
Q9NY27	6.206786262860419
Q7Z460-4	6.20299245974899
Q8N5I9	6.202430045858688
Q9Y5B6	6.201385022148451
Q96E39	6.198115554767157
Q9NUA8	6.198115554767157
Q86TL0	6.18993788843569
Q9P225	6.187224987509108
Q8NCN4	6.1862708253688545
Q9Y6I3	6.183921985839369
Q9UM11	6.177506730261326
Q16760	6.172907311603861
Q9H8U3	6.1626394325198826
O95714	6.1626394325198826
Q96JK2	6.159818954394013
O95466-2	6.159818954394013
Q9P246-2	6.159400404915704
P43307	6.157031662131475
Q8NBX0	6.157031662131475
P53985	6.155766427683729
Q9BPX3	6.1506764703174595
Q96BT3	6.150082461108626
Q15021	6.150082461108626
Q9UKY7	6.149470660679092
Q8N5G2	6.142773314375625
Q8TDM6	6.139372633910471
Q8N9T8	6.137600181203033
O60701	6.1368255159938565
Q9NZN5-2	6.136712388719987
E7EV07	6.134603922518787
Q15814	6.134603922518787
Q15596	6.133762255739723
D3DQV9	6.128632004316251
Q13541	6.127541555675577
P37275-2	6.121456734379821
P56182	6.118806823994944
P60468	6.117465725850516
Q9H6L5	6.117465725850516
Q14318-2	6.1162548617713615
Q86XL3	6.112799457941866
Q04727-3	6.110736130894789
Q96K37	6.105700669906178
Q7Z4W1	6.099160693893584
Q8ND04-2	6.098771687275957
E9PCH4	6.098771687275957
G5E9I4	6.097639658670607
Q8N3X1-2	6.097639658670607
P05198	6.087786995635781
Q9Y2X7-3	6.079756267866087
Q9HC62	6.078411768245754
P28908	6.0745827249766196
P49711	6.071298539381665
Q12802-2	6.06507353626792
Q8IZ21-3	6.064981038471898
O14639	6.064981038471898
Q13263	6.064981038471898
A0A0G2JH68	6.064981038471898
Q8TEM1	6.063296456842132
O95429	6.060826267771546
P49768	6.0470845145130845
I3L1I5	6.0470845145130845
H7C494	6.043916855128717
B3KS98	6.043849029140483
Q13813	6.043849029140483
P05141	6.038480593696431
Q9Y266	6.024083514736847
Q02086	6.020685931115661
Q96G23	6.020685931115661
P12956	6.020685931115661
Q5T2D3	6.020685931115661
Q8WX93	6.0201791123553825
Q6UWD8	6.0198038270155445
Q9UEE9	6.016876155922958
P28066	6.016876155922958
Q13523	6.016876155922958
P46379-3	6.016876155922958
Q9Y679	6.016876155922958
Q96E09	6.016782280824333
Q9NTJ3	6.006386287472559
Q99549-2	6.006386287472559
Q76FK4-2	6.006386287472559
O15054-1	6.006386287472559
P51784	6.006386287472559
P15336	6.006111061322981
Q6P6C2	5.997302019491955
O00255	5.996800579870129
Q92619	5.996800579870129
Q8WU90	5.996800579870129
O00264	5.996800579870129
O15151	5.974777195204537
Q9NZ52	5.971143999442791
P62699	5.969804105870232
Q15773	5.969283585831884
P38398-7	5.966189062736329
O43900	5.962357648255094
Q9Y237-2	5.9620476705062995
P62854	5.95631819397636
P11831	5.946821398623593
Q9NRQ5	5.946821398623593
A0A1B0GV45	5.939474139466072
Q7L590	5.936128028866793
O75400-3	5.9333105161769755
Q9H165	5.9321766405814165
Q9NQ29	5.931840142747378
P61970	5.927643362958337
Q6PCT2-2	5.925320533093101
P58546	5.919839868892951
Q86WR7	5.918005546248792
Q8N5C8	5.91513538132974
Q9UPU5	5.906923459184961
Q9NS91	5.9042084004571365
Q5HY81	5.90033456408991
Q5TC82	5.8980568671323
O75064	5.896942325067126
Q92688	5.896719520948316
Q9UKM9	5.895177133732099
Q9H1A4	5.891678000390282
P41162	5.891678000390282
Q9NZM3	5.891678000390282
P49761	5.891657162090624
Q9H6K5	5.891657162090624
Q3L8U1	5.888369076685887
Q17RY0	5.877738335001439
A0A087WUE4	5.875491768918478
Q5T6C5	5.875491768918478
P42224	5.867153446215472
Q8N490-2	5.855250810274035
H0YL70	5.847603676366511
Q5THJ4	5.839348728729713
P19838-2	5.835084225608286
Q9UNY4	5.835084225608286
Q96RY7	5.825475794680494
Q9UBD5-2	5.821539638478383
Q9BTE3	5.821539638478383
Q8N573	5.821218270947494
Q8WXX5	5.821218270947494
Q9NV70-2	5.821218270947494
P29597	5.821218270947494
Q96II8	5.821218270947494
Q8N9N8	5.821218270947494
Q96PV7	5.821218270947494
O14924	5.821218270947494
P51965	5.821218270947494
Q9Y2S0-2	5.82025532187059
A0A1B0GTN9	5.808548756516102
Q92545	5.806580614566623
Q99986	5.806580614566623
Q659C4	5.783739403806233
B7Z1P2	5.7832690559205595
Q96HR8	5.77704706138056
Q86XP3	5.7766148188828375
P05386	5.771733151776594
Q14687	5.770963973324894
Q9Y6K9-2	5.761362417931515
O14561	5.759466226874237
Q9Y6H1	5.749093585962039
Q96DU3	5.7475526569358975
P23511	5.740450811532408
P49327	5.739770244399503
Q14242-2	5.736538641802418
J3QTA6	5.734516763493356
Q8N1K5-4	5.7335131363940235
Q16512-2	5.726775720288679
Q96AV8	5.723579407466229
O94876	5.714742783637961
P31323	5.712809850529807
Q15527	5.712083201763632
Q86TI0	5.708566186433846
Q96PN7-5	5.706288960264914
Q08117-2	5.703750656883949
A0A0C4DFM7	5.701656440052257
Q14676	5.70072975938052
A2ABF8	5.692465596297543
Q86XN7	5.6893182755583895
P21333	5.6893182755583895
Q9BVJ6	5.689210008118217
B8ZZ87	5.686879811930165
Q9Y294	5.685490375008224
Q9NRJ4	5.677918585819615
P13051	5.674866240112535
P50851	5.671179256128891
Q96B01	5.671179256128891
Q5JSH3	5.667995133963518
O43861	5.666846882230908
Q9HCH0	5.666846882230908
Q99683	5.666846882230908
Q9UNE7	5.665526126348676
Q2NL67	5.6580218482275235
Q96D15	5.6580218482275235
Q9UHJ3	5.656028287760289
E9PN89	5.656028287760289
Q01518	5.656028287760289
Q17R89	5.656028287760289
Q99459	5.648288380866746
Q9Y2L5	5.648073731192821
H7BYN4	5.625838333036586
P25445	5.6228959811748584
P56211	5.619762102338609
P20963	5.611718837057898
Q9H4L7-2	5.609699984114326
Q9BZF2	5.598995610544134
Q9H7X3	5.598834648234765
P42356	5.596934230038285
Q8N9F8	5.588504379379249
P49916	5.5843887616432815
Q5FWF4-2	5.577713626073154
O43257	5.577713626073154
P02649	5.577713626073154
O00767	5.577713626073154
Q8WWI1	5.573247218265052
Q9Y3D3	5.569735636692398
Q9BVV6-3	5.569343215732039
O95721	5.56803104335129
O15347	5.566939356859586
Q7Z422	5.563958048278546
O75554	5.561675207591913
P22415	5.560942515009059
Q9NRL2	5.559562377484831
Q9UQE7	5.552030002021242
P30405	5.550568990397724
Q07866-4	5.548898993066536
Q6WCQ1-2	5.548366204197644
P51692	5.548366204197644
Q86Z02	5.548366204197644
P17706	5.548366204197644
Q9BWF3-4	5.539880146118663
Q9HB90	5.53709195155939
Q53GS7	5.536281992932719
P30305-4	5.532235424699137
Q8IWE5	5.532235424699137
Q9UEW8	5.532235424699137
P36542	5.532231061062068
P61803	5.532215272504675
A0A0U1RRB6	5.532215272504675
Q12873-3	5.530086446738597
Q96FJ0-2	5.529889819543178
F8W130	5.528064415294633
Q9UKG1	5.518087445211107
Q9UNX3	5.516414411054198
Q9BUR4	5.5148401907574165
Q5HYJ3	5.51467427917778
Q12872-2	5.514329335646321
P14317	5.512646984137991
Q9NZN8	5.512118409339089
E7EUN2	5.511477314453617
Q68E01	5.511344925014972
Q99640	5.509777144747933
E9PG73	5.509410631723774
P49321-3	5.509410631723774
Q14151	5.50811617862598
Q13625-3	5.507667319216668
P28715	5.507553822937856
Q06587	5.5050876585425215
Q6UUV7	5.503872321392981
Q6AI39	5.4944528862581175
P22059	5.487839171788008
Q9P0L0	5.485509660177576
O96007	5.481461728524484
Q12830	5.47878607894468
Q9P2Y5	5.47878607894468
O43639	5.476687665620011
Q96L94	5.474484030368958
Q12874	5.474484030368958
Q9H501	5.474484030368958
Q8NHZ8	5.471684079580784
Q15776	5.471684079580784
Q9H8M2	5.471684079580784
Q70EL2	5.471684079580784
Q9H9J4	5.467064584564828
Q96B36-3	5.467064584564828
Q12888-2	5.467064584564828
A0A087WTJ2	5.467064584564828
J3KNN5	5.462247410918983
F8WAL6	5.462247410918983
Q71DI3	5.462031569147928
Q8N883	5.461283604341485
Q04721	5.461283604341485
Q6UB35	5.457059711550331
Q96F63	5.440838700268704
P51816	5.435729163846858
Q8WVM8	5.435729163846858
Q8NDD1	5.435729163846858
Q9BSJ8	5.432596475373233
Q13045	5.428566595088163
Q9NYV6	5.420251876278979
B4DT28	5.419754317451109
Q8IV63	5.413657718482408
O15021	5.413657718482408
Q9NXL9	5.41249490914745
Q6ZN06	5.41249490914745
B3KTM8	5.412343409499757
Q8TEV9	5.4044932458657975
Q9Y6R4-2	5.404431437971412
P35240	5.403353321443032
Q15700-2	5.402754503988193
Q14693-7	5.401887913356963
Q9H2P0	5.397498097444491
P05114	5.395639371343967
Q14CB8-2	5.384838258185639
Q96JM7	5.38017280093578
Q96NJ6	5.377875616007513
Q9ULH0	5.377875616007513
Q9UKS6	5.3682321418796715
Q9H582	5.359284739126135
Q9NQC7	5.3553013938544485
Q05655-2	5.351606517207742
P51116	5.347579487563543
Q8IYH5	5.346337965924805
A8K727	5.346337965924805
Q9P2B7	5.346337965924805
Q8NCY6	5.343929280655359
P57737-3	5.328450522390929
Q5VYS8	5.327959256768098
O94986	5.326827888351328
P11117	5.326117236585528
E7ERR0	5.326117236585528
Q9Y608-4	5.3176359930774
P30281	5.3091820927326125
Q9NQT8	5.3091820927326125
Q96K21	5.305806795720965
P26639-2	5.3037602002180115
Q92698	5.294649243011514
Q70CQ4	5.294649243011514
Q8N183	5.2931071770595
P54132	5.271056991595111
Q9Y6D5	5.270371012880015
P50402	5.269472691210737
O00232	5.269472691210737
Q7Z7L8	5.264703369760581
H7C0P6	5.261958051484584
Q9BWW4	5.258988188574587
Q9ULH7-5	5.255157878709582
P33527-9	5.253865318275632
Q6VY07	5.253865318275632
A0A0U1RRM6	5.252680271155839
Q9Y2K7	5.246793238603484
C9JI98	5.246753663312484
Q9GZY8-2	5.243340704874745
Q9ULX6	5.242393191527299
Q9NQL2	5.236946394831476
Q9BRR9-2	5.231685883934105
P20339	5.229209440200862
A0A075B6G3	5.228244405157047
M0QZI3	5.226179421599924
P35573	5.214913319015102
Q01780	5.2002302111278205
Q9Y4E5	5.197370459018386
O95758-4	5.197370459018386
Q9UPX8-3	5.193746426349245
Q86UP2	5.190320815360263
Q9UPT9	5.186953946067831
X6R3V9	5.185727325464811
A0A087WUT6	5.174725511426125
Q92585	5.172164732363924
Q8WV99	5.166271212077244
Q9UER7	5.166271212077244
Q92766-2	5.155593618789977
O43439-4	5.1554858364263
Q9Y6Y0	5.154529290706298
C9IZ08	5.152783636376231
P69892	5.152783636376231
P51397	5.152783636376231
O95400	5.15165177627138
Q9UHV7	5.144542639687597
Q504T8	5.144542639687597
A1X283	5.135822635676432
Q92859	5.135726159861568
Q969R8	5.129433609903246
Q8WXI9	5.125635429926082
Q9UIF9	5.124007300152563
Q7L2E3-2	5.112834190434722
O43663	5.098892765758646
Q9Y2H6	5.090009035617155
Q9Y5V3-2	5.087890685421335
O43561	5.085991603320916
Q13177	5.084313747295895
A0A087WZY3	5.080184375522448
A0A087WV86	5.070585626816057
Q92620	5.04461617816453
Q01664	5.038104266073544
O43379-4	5.035896365189412
Q9H9A7	5.031502738725016
P35527	5.0271029302066355
Q9H875	5.0271029302066355
Q9NVF7	5.0129839103751355
Q9Y3B9	5.0018950067144425
P10075	4.999984265624095
Q96QR8	4.999984265624095
Q9C0J8	4.994901403809799
Q8WXG6	4.994901403809799
Q8NC51-2	4.984242616846364
Q5FWF5	4.977821742210857
Q13838-2	4.977821742210857
J3KNZ9	4.970496921414183
Q14807	4.957963356276894
O60271-3	4.955516687767767
Q9UH99-2	4.953056134010606
Q9UKD2	4.9515542562550126
Q14573	4.9413029065674
G5E9M7	4.934569892691801
Q9UBB9	4.9317022885801665
Q9UBB4	4.9267056321998295
Q9H0J9	4.923929218363388
Q99856	4.91729924960801
Q9BXS6	4.916271583013684
E9PIM0	4.914122632916816
P31629	4.913484921665958
Q96TA1	4.911917301388653
Q9Y324	4.907384429505469
P05164-3	4.9009905123340145
Q8N8D1	4.89913271540998
O43572	4.887864837500718
Q9UBL0	4.885078919173102
E9PNT2	4.878542836685117
P54578	4.878542836685117
Q9NYL2	4.877662427434608
Q00013	4.864582777062126
Q8IUE6	4.860224801738708
P07305	4.855412773086208
Q93073	4.848429371080188
A6PW57	4.8479934250364085
Q96P16	4.840075739076963
Q13409-2	4.83731653843219
Q13614	4.835988891209832
Q14865	4.83035773186155
I3L0U5	4.824358297170046
P19634	4.823640773660862
Q92630	4.81128055216848
P10643	4.810091283074539
Q86UU0	4.805755027463925
Q96EV8	4.8015007088959285
P84243	4.799846431814946
P33316-2	4.786849146304932
Q8IXQ3	4.786678779213268
H7C2Q8	4.78091393490612
P55201	4.778698688827487
Q01167	4.76924766112786
Q9BUA3	4.755359178560147
Q96DY7	4.749530592374346
Q8IWB7	4.737350250205672
J3KN59	4.737350250205672
P01008	4.737350250205672
A0A024R214	4.716037443493575
Q68DH5	4.7089888288425605
Q9Y6A5	4.675622560708955
Q6P0N0	4.6606750116586655
Q86XN8-3	4.649250750648903
P53350	4.646441611834034
B4DTS2	4.640350528826901
B0QXZ6	4.634509051512929
Q15717-2	4.630942326280703
Q96DV4	4.628220636853003
Q70J99	4.6260573306198935
Q9Y2X3	4.624905394133512
Q8N3U4	4.620916424068251
Q8TDG4	4.606867574557348
O60318	4.594298371108966
O95376	4.593524672259947
Q9NP80	4.593524672259947
O60725	4.583444042953662
Q8N9N5	4.581650530591986
E9PC69	4.563907708423317
Q92854	4.56118150293046
Q9Y3Q3	4.56118150293046
Q9UII2	4.56118150293046
Q8N9B5	4.5608100931495885
O60547	4.558695325352371
P47914	4.549189511491037
Q8TAT5	4.546794570393926
Q15942	4.543733698364194
U3KQ54	4.5410911444166375
P00441	4.532891971619922
Q8WTW3	4.530494110691753
O43293	4.5278460087131505
B0QYS7	4.515139020407983
O60216	4.513890844360997
Q9BV73	4.5076698336752985
Q9UHI6	4.504555341657554
Q01831	4.504555341657554
Q8WW12	4.504555341657554
Q02790	4.499242404232359
Q9BZL1	4.498623814086894
Q9P0U3	4.498623814086894
Q99595	4.498623814086894
Q13895	4.496559336116393
Q8TF76	4.496538881231307
Q9H147	4.495176876730809
P20226	4.495176876730809
P62861	4.495176876730809
P13645	4.495176876730809
Q01826-2	4.488933686107974
P05455	4.486699407210665
O75475	4.4718005940545265
Q9NST1	4.4694853785286055
Q9Y6X3	4.467988123571127
O94925	4.467988123571127
Q9NPF2	4.467988123571127
Q66PJ3-2	4.467988123571127
Q53HL2	4.461172423365559
Q99755	4.452557062066145
P55084	4.416817432965062
B5MDQ6	4.386313105301951
Q15435	4.374665246946324
Q8TBC3	4.364654921359922
Q9UKL3	4.3645330987962465
Q9NPF5	4.357304221713093
Q9BVS4	4.3563846040631455
P48729-2	4.3539445242217285
Q96PZ0	4.345853473828611
Q9BW61	4.340843730425028
Q8IWA0	4.339597963838215
Q9NVU0	4.336119122634794
Q7L0J3	4.326096253345359
Q8IXM2-3	4.319287211649783
Q8IX21-2	4.29564656613096
Q99704	4.285318722567044
Q8IWV1	4.26309257769575
Q9NQZ2	4.24727273289831
A0A0A0MTR7	4.227156597924213
P0C7T5	4.2210384439644475
X5D2R7	4.21634459474157
D6REX3	4.214249008748985
A0A1C7CYX1	4.204543627180834
Q14161	4.198769675326125
P54259	4.179910505809548
Q96HQ2	4.16787963606621
Q96F24	4.1677767567318735
B4E0Y9	4.164872656368112
Q8IXM6	4.14832849617859
Q86VR2	4.14832849617859
O43678	4.14832849617859
P07919	4.14832849617859
O43295	4.14832849617859
Q15059	4.14709974547057
Q66K14-2	4.145949866211706
Q8WVK2	4.1450056622938565
Q9Y3T9	4.13832787180892
P33993	4.134944113349878
Q92993-3	4.129317601832572
J3QQJ0	4.118171832545182
O95425-3	4.108687847405052
Q9BWG6	4.10649651961982
O94776	4.10649651961982
Q96BR1	4.097120428348006
Q7Z628	4.069829886983447
Q3T8J9-3	4.037135158250744
Q8NHQ9	4.023275741032033
Q9UGP4	4.022690471227204
G3XAH0	4.0224846731728965
O43677	4.018796108584368
O75616	4.006110896240075
Q6ZR52-2	3.9941002128769596
Q86WB0	3.9912473111282036
O95684-2	3.9784950144972244
Q9P2K3-3	3.970879530176863
P51858	3.9681514129005433
O00115	3.9660333098917233
Q7Z4G1-2	3.9520422430053923
Q9Y6D0	3.9520422430053923
P04264	3.9520422430053923
Q9H6L4-2	3.9486478639087688
P04921	3.9464960180934177
Q9P219	3.945250783791078
Q96SI1	3.935155570901681
P49756	3.9335993909529723
Q8WXE0	3.933260492586307
B2RBV5	3.9269260646882844
Q9Y462	3.9269260646882844
Q9H7P9	3.9234123986546363
O75369-8	3.921855271325399
Q5T7W7	3.921728561606425
Q8IX15-3	3.912546406797784
O14647	3.9081006385407
Q4KMP7	3.8943496433101052
Q8WUX9	3.882162549162596
Q58A45	3.8667913957325117
P27824-2	3.84223537832627
P54274	3.8391496716919757
Q9NQT4	3.837966942920223
Q9BRP8	3.837591578162286
Q9NUP7	3.8346311693164155
P54725	3.833524474289755
Q8TEW0-11	3.8288844507469815
P13647	3.8221993696120613
Q99570	3.8135441227030413
Q969T9	3.798410786791413
P68366	3.7983537786789614
O75528	3.7970561860196637
Q8TBK6-2	3.7958522006341364
K4DI81	3.7898486481143356
Q9GZT6	3.781190721174388
A0A0D9SF58	3.778406829710669
Q9UBP6	3.7495389484851582
A0A024R0Y4	3.7330940567827233
Q8IWS0	3.7262686042707447
Q8TF68	3.7209632613982517
O43396	3.7112954536552634
Q8NAV1	3.703942862802207
Q9NZJ4	3.6952820916846445
P08779	3.6914082238886405
K7EM46	3.681476847031879
Q8NI22	3.6496975045461806
Q8IWY9	3.6465332165699347
Q16563-2	3.6228106641577957
P17026	3.613504983788937
Q9BWJ5	3.5691695632174376
Q9NRX4	3.5691695632174376
Q12770	3.5691695632174376
P35908	3.5535013273658604
Q8IWB1	3.5513517183265906
Q9BXP5	3.549051660269657
A6NHB5	3.5325530220508363
Q96JN0-3	3.528313131330557
Q32MZ4-4	3.5206042807407765
Q9NQR1	3.518228142253012
O94763	3.4894725098824284
F6VDE0	3.4866555168514735
Q14839-2	3.464532452427935
P16333	3.460025059726296
A0A140T9E9	3.443489732929664
Q05823	3.4355676040457865
Q14938	3.4195675884255348
O43516-3	3.405753163855911
Q96QE3	3.388887912374433
Q7Z4V5	3.381688774729021
Q9BS16	3.3745330907212447
Q86YS7	3.373021422434781
P62328	3.36550822349059
O60524	3.3502619482698472
Q8WUH2	3.345578972900158
Q7L8J4	3.3265757329995855
