Protein Group Name	Representative Protein Description	Total Amino Acids	Sequence Coverage (%)	Sequence Coverage Unshared only (%)	Sequence Redundancy (%)	Numbers of Proteins	# of PSMs	# of Unique Peptides	# Shared Peptides	# PSMs in Experiment	# Unique Seq in Experiment	# Shared Peptides in Experiment	P-Score	# Quantified PSMs	# Quantified Peptides	_Env_0Min_(TMT 127C PCN)	_Env_0Min_(TMT 128N PCN)	_Env_5Min_(TMT 129C PCN)	_Env_5Min_(TMT 130N PCN)	_Genome_5Min_(TMT 130C PCN)	_Genome_5Min_(TMT 131N PCN)	Uniprot IDs	Gene Names	Uniprot	tmpSum	0min_1	0min_2	5min_1	5min_2	mean0min	mean5min	log05	pVal05	qVal05
PG254266	sp|P19338|NUCL_HUMAN Nucleolin OS=Homo sapiens GN=NCL PE=1 SV=3	710	56.62	56.62	37.18	1	638	78	0	35	29	0	0.0	35	29	1002557.48	883194.6231	973929.6157	880320.6239	1056941.999	947514.7711	P19338	NCL	P19338	3719837.1787	735241.098175	724744.1252	1048086.7649999999	1204299.473	729992.6116875	1126193.119	0.625500473664519	0.0013536716352433	0.0294723545508262
PG253706	sp|Q9NU22|MDN1_HUMAN Midasin OS=Homo sapiens GN=MDN1 PE=1 SV=2	5596	16.19	16.07	1.179	1	169	75	1	56	40	0	0.0	55	40	476635.1602	526360.1532	755777.9839	780126.0794	750069.8539	783700.7534	Q9NU22	MDN1	Q9NU22	2450327.7691	481178.869525	471929.7855	735241.098175	754537.60725	476554.3275125	744889.3527125	0.6443854491004666	0.0002067010634932	0.0096319694714521
PG253106	sp|P16402|H13_HUMAN Histone H1.3 OS=Homo sapiens GN=HIST1H1D PE=1 SV=2	221	69.23	38.46	45.25	1	250	33	14	13	9	5	0.0	6	4	202978.3868	377401.2402	331216.8465	281699.1667	281881.0941	223261.4905	P16402	HIST1H1D	P16402	703706.6448	114086.167125	121835.311225	283608.74552500003	188310.64697499998	117960.739175	235959.69625	1.0002336892331867	0.0071718389832693	0.0741895061795045
PG248540	sp|P02768|ALBU_HUMAN Serum albumin OS=Homo sapiens GN=ALB PE=1 SV=2	609	9.36	9.36	3.448	3	101	8	0	27	5	0	5.96e-99	25	5	51807.8815	48389.92418	332023.2104	350012.6553	317465.9192	326397.9062	P02768|A0A0C4DGB6|H0YA55	ALB	P02768	669783.0151499999	47703.033125	49794.382435	283148.693125	299553.58505	48748.70778	291351.1390875	2.5793230693215934	7.47791031323208e-07	0.0006910913259609
PG248267	sp|P04114|APOB_HUMAN Apolipoprotein B-100 OS=Homo sapiens GN=APOB PE=1 SV=2	4563	1.512	1.512	0.0	1	12	7	0	6	6	0	7.72e-78	6	6	104766.0822	107170.4777	232932.6759	247008.6829	228820.1698	243672.0859	P04114	APOB	P04114	657450.1028	105131.7634	111737.58785	206727.593525	241723.8788	108434.675625	224225.7361625	1.0481256965674377	0.0002434595036241	0.0101107536403577
PG253251	sp|P16401|H15_HUMAN Histone H1.5 OS=Homo sapiens GN=HIST1H1B PE=1 SV=3	226	62.83	45.13	46.9	1	303	31	7	12	10	2	0.0	10	8	134322.7878	189113.1569	211508.4355	272930.0832	188653.5067	134128.933	P16401	HIST1H1B	P16401	614756.53327	89078.6567675	82370.4148125	221656.1632	229089.34335	85724.53579	225372.75327500002	1.3945330176995379	1.4824283982911e-05	0.0017869908742292
PG252818	sp|P06396-2|GELS_HUMAN Isoform 2 of Gelsolin OS=Homo sapiens GN=GSN	731	15.46	15.46	2.462	1	21	12	0	8	7	0	3.79e-153	8	7	99441.58081	96289.9304	241711.565	226576.8305	214424.44	206528.3162	P06396-2	GSN	P06396-2	612679.3531999999	88444.01529	86009.41192	207807.77327499999	237895.9025	87226.713605	222851.8378875	1.3532429189357549	4.62529812547892e-05	0.0038859949815924
PG253107	tr|A0A0U1RRH7|A0A0U1RRH7_HUMAN Histone H2A OS=Homo sapiens PE=3 SV=1	170	52.35	4.118	22.35	3	425	11	10	43	7	6	4.6e-165	1	1	311360.0762	279107.0686	506174.7634	237387.2122	448798.485	185976.2853	P20671|A0A0U1RR32	HIST1H2AD|hCG_2039566	A0A0U1RRH7	593175.07644	51363.0222575	56097.9392375	326434.181175	170097.160225	53730.4807475	248265.6707	2.208072132962852	0.0017781075076793	0.0332090430334882
PG242749	sp|P04264|K2C1_HUMAN Keratin; type II cytoskeletal 1 OS=Homo sapiens GN=KRT1 PE=1 SV=6	644	32.92	29.81	1.553	1	28	18	2	9	8	1	1.57e-255	8	7	73089.37237	152078.6938	128027.3788	63990.64669	137377.5459	74946.53647	P04264	KRT1	P04264	549608.68314	191846.215525	169089.293775	91118.33276	93812.958725	180467.75465000002	92465.6457425	-0.964751726351435	0.0001748046318869	0.0085026543635725
PG254090	sp|P42345|MTOR_HUMAN Serine/threonine-protein kinase mTOR OS=Homo sapiens GN=MTOR PE=1 SV=1	2549	20.32	19.85	1.962	1	103	47	2	9	9	1	0.0	8	8	139057.8376	120413.4446	168434.7832	122288.4797	151828.6885	137003.8307	P42345	MTOR	P42345	499775.98803999997	92174.789	95187.09663	147634.45285	167812.9778	93680.942815	157723.715325	0.7515720994857032	0.0005400478694433	0.0166896693953295
PG242103	sp|P69905|HBA_HUMAN Hemoglobin subunit alpha OS=Homo sapiens GN=HBA1 PE=1 SV=2	142	34.51	34.51	4.93	1	35	5	0	9	4	0	5.92e-75	9	4	72046.16871	75196.9325	149807.5219	145070.0384	125213.2386	123641.4288	P69905	HBA1	P69905	437132.61141	80848.89205	80145.4393975	124180.850725	154193.1314	80497.16572374999	139186.9910625	0.7900144853448307	0.0018278238959434	0.0335609192719382
PG242733	sp|P19823|ITIH2_HUMAN Inter-alpha-trypsin inhibitor heavy chain H2 OS=Homo sapiens GN=ITIH2 PE=1 SV=2	946	9.514	9.514	0.0	2	19	9	0	6	6	0	2.37e-113	6	6	31662.41486	27611.00523	231359.9717	195544.4501	190764.0224	195450.7843	P19823|Q5T985	ITIH2	P19823	415530.86630999995	25274.2128175	23832.0562525	167292.269475	204354.850025	24553.134534999997	185823.55975000001	2.9199543055934414	5.2362766297773e-06	0.0010369814582236
PG253189	sp|P16403|H12_HUMAN Histone H1.2 OS=Homo sapiens GN=HIST1H1C PE=1 SV=2	213	68.54	31.92	30.99	1	209	25	15	16	12	6	0.0	8	6	106611.4345	115828.2133	236179.0436	111203.4485	157177.4008	113608.4181	P16403	HIST1H1C	P16403	404103.73336	42988.57741	43755.86502	158391.32075	167245.600225	43372.221215	162818.4604875	1.9084210480691628	2.31305792923111e-06	0.0008016281643423
PG250869	sp|Q9BQ61|CS043_HUMAN Uncharacterized protein C19orf43 OS=Homo sapiens GN=C19orf43 PE=1 SV=1	176	53.41	53.41	30.68	1	37	13	1	6	6	0	2.81e-171	6	6	111991.2499	96718.93895	103386.7625	87281.93383	110847.7632	100742.8353	Q9BQ61	C19orf43	Q9BQ61	370320.19765	70894.1277325	73311.104765	107641.94475	119889.955275	72102.61624875	113765.95001249999	0.6579453118454123	0.0006695501373274	0.019532600513476
PG247066	sp|P07996|TSP1_HUMAN Thrombospondin-1 OS=Homo sapiens GN=THBS1 PE=1 SV=2	1170	5.897	5.897	0.0	1	11	7	0	5	5	0	2.46e-78	5	5	49550.14938	53491.63599	141389.5321	143170.3051	118317.9641	132551.6369	P07996	THBS1	P07996	368301.87849000003	47397.8471	52911.802865	126467.451325	147178.939075	50154.824982499995	136823.19520000002	1.4478524240168713	8.21793272913662e-05	0.0054248750066555
PG245372	sp|Q92804|RBP56_HUMAN TATA-binding protein-associated factor 2N OS=Homo sapiens GN=TAF15 PE=1 SV=1	592	35.3	30.91	12.67	2	74	18	4	9	9	2	2.7800000000000003e-212	6	6	165424.8791	101026.7287	177848.9579	95507.6299	180595.2167	107313.0869	Q92804|Q92804-2	TAF15	Q92804	345556.15581	45223.0921225	53102.5092725	118940.08305	133496.85965	49162.8006975	126218.47135	1.360284045569485	0.0001267595266492	0.0070288948928877
PG245569	sp|P42766|RL35_HUMAN 60S ribosomal protein L35 OS=Homo sapiens GN=RPL35 PE=1 SV=2	123	50.41	50.41	41.46	1	45	14	2	7	5	0	2.02e-171	7	5	109824.9271	92744.29018	112945.7617	94111.47236	116357.6138	95849.41997	P42766	RPL35	P42766	327288.04512	66434.00463	59663.3887025	107871.46577499999	95279.8857325	63048.69666625	101575.67575375	0.6880165096496897	0.0013611095080355	0.0294723545508262
PG253151	sp|P10412|H14_HUMAN Histone H1.4 OS=Homo sapiens GN=HIST1H1E PE=1 SV=2	219	66.21	30.14	40.18	1	225	28	16	12	9	6	0.0	4	3	122052.8678	142780.597	244139.6661	120414.3385	189059.0155	106374.3452	P10412	HIST1H1E	P10412	322538.03599	24716.7114725	26285.5453175	165816.8551	110757.46415	25501.128395	138287.159625	2.439034213000677	0.000152977895144	0.0080025658442634
PG242774	sp|O95239|KIF4A_HUMAN Chromosome-associated kinesin KIF4A OS=Homo sapiens GN=KIF4A PE=1 SV=3	1232	29.46	28.57	3.571	1	91	35	1	6	6	0	0.0	6	6	81981.4307	95509.83193	93337.92974	92586.80473	94824.65339	81673.49782	O95239	KIF4A	O95239	310060.03479	63398.5386575	59882.9640125	100421.4646225	87931.4650125	61640.751335	94176.4648175	0.6114821211029686	0.0016107751434966	0.031899459774046
PG246067	sp|Q9H299|SH3L3_HUMAN SH3 domain-binding glutamic acid-rich-like protein 3 OS=Homo sapiens GN=SH3BGRL3 PE=1 SV=1	93	48.39	48.39	20.43	2	25	6	0	6	4	0	6.300000000000001e-73	6	4	96086.0269	73310.6783	99787.43249	70776.19827	103231.6489	78339.54506	Q9H299|Q5T123	SH3BGRL3	Q9H299	270933.65117	45558.4445225	52635.7218	83721.5902375	92577.60272	49097.083161250004	88149.59647875	0.8443166482237984	0.0006904141741732	0.019532600513476
PG250394	sp|P01024|CO3_HUMAN Complement C3 OS=Homo sapiens GN=C3 PE=1 SV=2	1663	3.007	3.007	0.0	1	8	4	0	4	4	0	3.78e-58	4	4	11054.76399	10206.89152	138441.0476	162591.757	122279.7618	148004.4696	P01024	C3	P01024	266783.38439	11193.252382499999	13358.0630575	112002.0581	136222.4696	12275.65772	124112.26385	3.337773448717179	6.60547839390077e-06	0.0010900172614743
PG252390	sp|P02765|FETUA_HUMAN Alpha-2-HS-glycoprotein OS=Homo sapiens GN=AHSG PE=1 SV=1	367	11.44	3.542	3.27	1	853	6	4	38	4	2	1.6400000000000001e-77	9	2	22968.96098	21827.5342	116808.8119	123321.2195	108128.6646	131664.5843	P02765	AHSG	P02765	250547.15000999998	22300.42392	22858.1228075	89129.2685975	120699.8347	22579.27336375	104914.55164875	2.216143829808721	7.17173308234056e-05	0.0052243503358316
PG243105	sp|P13645|K1C10_HUMAN Keratin; type I cytoskeletal 10 OS=Homo sapiens GN=KRT10 PE=1 SV=6	584	19.69	16.95	2.74	1	20	12	3	6	5	2	1.5300000000000002e-164	4	3	41830.38858	78264.2025	42568.34288	29749.0132	32054.91325	38501.23278	P13645	KRT10	P13645	247076.95529	94728.838655	75543.7915125	28896.657275	45223.0921225	85136.31508375	37059.87469875	-1.1999166444093725	0.005799657948619	0.0683476478623033
PG242211	sp|Q9UK76|HN1_HUMAN Hematological and neurological expressed 1 protein OS=Homo sapiens GN=HN1 PE=1 SV=3	154	86.36	86.36	35.71	1	235	11	0	6	5	0	4.44e-162	6	5	67739.88499	55016.57081	63262.23943	56762.70598	70327.9746	60090.02456	Q9UK76	HN1	Q9UK76	245884.64615	46020.8417475	51005.8617825	64365.9204825	86267.51431	48513.351765	75316.71739625	0.6345882647946529	0.0142998694124914	0.0915703369683812
PG242972	sp|P35527|K1C9_HUMAN Keratin; type I cytoskeletal 9 OS=Homo sapiens GN=KRT9 PE=1 SV=3	623	17.98	15.89	0.0	1	14	10	2	3	3	1	2.31e-120	2	2	29093.54464	61926.43622	58528.01429	29805.27256	106396.2131	38012.67571	P35527	KRT9	P35527	241306.97224000003	83788.62767	65947.8404575	44058.9797225	45670.0081325	74868.23406375	44864.4939275	-0.7387795879935706	0.0034789038387032	0.0499760077335098
PG248353	sp|O00767|ACOD_HUMAN Acyl-CoA desaturase OS=Homo sapiens GN=SCD PE=1 SV=2	359	13.09	13.09	3.621	1	13	4	0	3	3	0	3.24e-49	3	3	87730.19287	82351.41688	102259.5492	63754.20131	84800.38846	63263.78112	O00767	SCD	O00767	238197.89856	37616.898812499996	42643.0737125	86267.51431	74413.3981325	40129.986262499995	80340.45622125	1.0014459916462135	0.0004537350073706	0.0153096754025751
PG247200	sp|P02788|TRFL_HUMAN Lactotransferrin OS=Homo sapiens GN=LTF PE=1 SV=6	710	2.958	2.958	1.127	4	17	3	0	7	3	0	7.22e-40	4	3	22019.73935	20577.90784	120090.4245	115513.6933	120388.0457	113204.67	P02788|P02788-2|E7EQB2|E7ER44	LTF	P02788	233119.29945	16487.8864425	16031.3691775	97107.954845	107496.062875	16259.62781	102302.00886	2.6534683359533258	1.23950989653127e-06	0.0007252616638746
PG246999	sp|P02787|TRFE_HUMAN Serotransferrin OS=Homo sapiens GN=TF PE=1 SV=3	698	4.011	4.011	2.149	1	17	4	0	5	3	0	3.61e-41	5	3	12696.34525	12801.9848	108265.8443	104659.3323	89590.16387	99384.7665	P02787	TF	P02787	228409.94705000002	12096.287475000001	12599.70544	95713.9760675	112417.48465	12347.996457500001	104065.73035875	3.075146177044565	1.99720670431705e-06	0.0007910454191205
PG248991	sp|Q9UII2|ATIF1_HUMAN ATPase inhibitor; mitochondrial OS=Homo sapiens GN=ATPIF1 PE=1 SV=1	106	28.3	28.3	24.53	1	36	9	0	5	4	0	6.65e-125	5	4	49137.61567	50081.9089	80696.52881	82323.33048	80854.99574	63257.00265	Q9UII2	ATPIF1	Q9UII2	226611.21199	36398.1429775	29039.4192275	80763.4531175	83580.9568575	32718.781102499997	82172.20498750001	1.3285314767148366	0.0002223405249572	0.0096319694714521
PG246114	sp|Q15477|SKIV2_HUMAN Helicase SKI2W OS=Homo sapiens GN=SKIV2L PE=1 SV=3	1246	17.82	17.82	0.8828	1	33	18	0	5	5	0	6.06e-248	5	5	37639.44608	40407.90939	63455.14626	66879.6887	69442.49895	70538.37736	Q15477	SKIV2L	Q15477	224020.97035	39793.766825	41346.58535	71518.889735	73477.329755	40570.1760875	72498.109745	0.8375238156813753	7.7257331669304e-05	0.0052243503358316
PG247572	sp|Q969T9|WBP2_HUMAN WW domain-binding protein 2 OS=Homo sapiens GN=WBP2 PE=1 SV=1	261	13.03	13.03	0.0	6	7	3	0	2	2	0	1.65e-36	2	2	53404.63458	46558.3995	34184.76395	29478.51827	28767.05083	37406.411	Q969T9|K7ENL2|A6NG10|B4DFG2|K7EIJ0|K7EMC9	WBP2	Q969T9	214776.76760999998	64628.9263675	73980.7856575	42098.8494225	31998.39069	69304.85601250001	37048.62005625	-0.9035366341132626	0.0030894978184575	0.0460679495807604
PG253571	sp|Q3KQU3|MA7D1_HUMAN MAP7 domain-containing protein 1 OS=Homo sapiens GN=MAP7D1 PE=1 SV=1	841	36.74	35.91	21.05	2	193	44	1	5	5	0	0.0	5	5	51140.41339	58741.01868	61234.01631	55675.80659	65136.77652	58196.77642	Q3KQU3|Q3KQU3-4	MAP7D1	Q3KQU3	201602.75931	40786.8887675	39872.953382499996	63910.0324525	58469.386045	40329.921075	61189.709248750005	0.6014384616108742	0.0006707090354731	0.019532600513476
PG248064	sp|P01023|A2MG_HUMAN Alpha-2-macroglobulin OS=Homo sapiens GN=A2M PE=1 SV=3	1474	3.46	1.967	0.0	1	18	5	2	7	5	2	1.15e-78	3	3	7346.867894	5351.478405	102510.4934	103331.5476	91501.17143	105935.7577	P01023	A2M	P01023	196500.711311	6702.65026475	6544.77184225	86619.0165125	101797.1977125	6623.7110535	94208.1071125	3.830139572260379	7.12081348785328e-07	0.0006910913259609
PG246885	sp|Q15363|TMED2_HUMAN Transmembrane emp24 domain-containing protein 2 OS=Homo sapiens GN=TMED2 PE=1 SV=1	201	27.36	27.36	0.0	1	25	5	0	5	4	0	3.72e-71	5	4	69070.00173	78157.08113	71916.23496	54222.31049	64923.98861	48328.62906	Q15363	TMED2	Q15363	195364.19202000002	33435.8463475	39290.6485225	64482.7369975	59752.2287225	36363.247435	62117.48286	0.7725183238958608	0.0010370136491724	0.0250573636344063
PG250607	tr|A0A0G2JPR0|A0A0G2JPR0_HUMAN Complement C4-A OS=Homo sapiens GN=C4A PE=1 SV=1	1744	3.268	3.268	0.0	6	8	6	0	4	4	0	4.8e-75	4	4	20380.13969	22991.09637	80927.60411	87513.93795	75130.88062	75794.54172	P0C0L4|P0C0L4-2|A0A140TA49|A0A0G2JPR0|A0A140TA32|A0A140TA44	C4A	A0A0G2JPR0	193681.26045	24287.4370275	23804.5298925	67427.633255	80087.9916975	24045.98346	73757.81247625	1.6169999362635767	3.99491681918248e-05	0.0034612598716089
PG252308	sp|P23142|FBLN1_HUMAN Fibulin-1 OS=Homo sapiens GN=FBLN1 PE=1 SV=4	703	6.259	6.259	0.9957	1	11	5	0	4	4	0	1.5e-64	4	4	19510.28001	19669.54915	74691.23856	81409.1923	69088.16313	71157.18834	P23142	FBLN1	P23142	191639.56151	17517.0028025	20922.679457500002	70669.77069	85449.5822825	19219.84113	78059.67648625001	2.021981072689964	5.7822460471951e-05	0.004715134608313
PG254976	sp|P00747|PLMN_HUMAN Plasminogen OS=Homo sapiens GN=PLG PE=1 SV=2	810	5.062	5.062	1.852	1	5	4	0	3	3	0	1.08e-49	3	3	23644.33591	19852.75896	84044.22331	83252.10544	69375.37599	76032.03549	P00747	PLG	P00747	187371.16307	17983.84591	17543.380627500002	75047.0070775	78968.30881	17763.61326875	77007.65794375	2.1160768523224864	1.44577235828498e-06	0.0007252616638746
PG254106	tr|E7EPT4|E7EPT4_HUMAN NADH dehydrogenase [ubiquinone] flavoprotein 2; mitochondrial OS=Homo sapiens GN=NDUFV2 PE=1 SV=1	252	29.76	29.76	0.3968	2	18	7	0	3	3	0	1.49e-93	3	3	71232.83398	62982.07806	61749.4909	48740.91859	64227.79086	58849.03161	P19404|E7EPT4	NDUFV2	E7EPT4	176083.77516	26971.166810000002	35530.462915	54480.0051475	60648.01943	31250.8148625	57564.012288750004	0.88127334493631	0.0030170532518345	0.0457096957543204
PG247380	sp|P63313|TYB10_HUMAN Thymosin beta-10 OS=Homo sapiens GN=TMSB10 PE=1 SV=2	44	45.45	45.45	31.82	1	7	4	1	1	1	0	4.7500000000000005e-56	1	1	64422.11076	55818.76675	30239.53107	25639.90146	25452.84957	28503.55199	P63313	TMSB10	P63313	172405.27122999998	49676.9482625	56872.4040775	31291.1091075	33475.217124999996	53274.676170000006	32383.163116249998	-0.71820600680978	0.000918630377169	0.0238030971707884
PG242624	sp|P18065|IBP2_HUMAN Insulin-like growth factor-binding protein 2 OS=Homo sapiens GN=IGFBP2 PE=1 SV=2	325	18.46	18.46	0.0	2	11	5	0	5	5	0	1.0600000000000001e-73	5	5	24830.02565	28239.79382	57124.36332	57811.74842	57866.56104	60213.08198	P18065|C9JMY1	IGFBP2	P18065	170249.54894	24167.6685225	27369.353475	50824.7587425	69243.0020975	25768.51099875	60033.88042	1.2201677474266093	0.0013512625119507	0.0294723545508262
PG249542	sp|P20290|BTF3_HUMAN Transcription factor BTF3 OS=Homo sapiens GN=BTF3 PE=1 SV=1	206	61.65	13.11	29.13	1	70	13	10	8	7	5	7.9e-176	2	2	46988.1258	49625.66589	51844.28731	47721.67738	64906.51621	56994.4585	P20290	BTF3	P20290	166655.92904	26378.8813875	30121.784515	53782.794532500004	57573.3573275	28250.33295125	55678.075930000006	0.9788414858993751	0.0002293037974426	0.009780799023211
PG249410	sp|Q92843-2|B2CL2_HUMAN Isoform 3 of Bcl-2-like protein 2 OS=Homo sapiens GN=BCL2L2	333	32.13	32.13	6.306	3	37	11	0	2	2	0	2.32e-139	2	2	56899.66417	49434.23228	53140.70084	53858.34395	55740.65267	57121.5205	Q92843-2|Q86U42|Q86U42-2	BCL2L2|PABPN1	Q92843-2	166185.32873	32640.55142	30647.2555125	54433.900415	49472.868005000004	31643.903466249998	51953.384210000004	0.7152901524981893	0.0004792950709618	0.0158197684075441
PG258018	tr|K4DI81|K4DI81_HUMAN Ubiquitin-conjugating enzyme E2 C OS=Homo sapiens GN=UBE2C PE=1 SV=1	50	78.0	78.0	0.0	1	8	3	0	2	2	0	1.05e-36	2	2	72013.87662	51045.967	81359.00814	48270.62146	73314.999	45356.63928	K4DI81	UBE2C	K4DI81	161432.4875	22578.1656725	24097.002405	60449.449707499996	55765.0992175	23337.58403875	58107.2744625	1.316063568633885	2.7168266950279e-05	0.0025974092490425
PG245066	sp|P38159|RBMX_HUMAN RNA-binding motif protein; X chromosome OS=Homo sapiens GN=RBMX PE=1 SV=3	391	83.89	32.48	46.55	1	462	59	41	22	17	14	0.0	4	3	46631.13874	40599.44969	64067.23772	54169.97402	71075.07878	46608.82996	P38159	RBMX	P38159	157872.32792	26351.2675675	19818.30297	57067.3788325	56055.01901	23084.785268749998	56561.198921250005	1.292870388398513	0.0005417685602791	0.0166896693953295
PG248772	sp|P01008|ANT3_HUMAN Antithrombin-III OS=Homo sapiens GN=SERPINC1 PE=1 SV=1	464	3.879	3.879	0.0	1	4	2	0	2	2	0	2.4999999999999998e-23	2	2	13181.86229	13907.00195	78938.51623	85168.16533	63903.41835	76009.99808	P01008	SERPINC1	P01008	156699.73524	13854.91675	14151.802835	60104.07265	70913.54378	14003.3597925	65508.808215000005	2.2259158912203096	8.58754787572993e-06	0.0011337735504778
PG247788	sp|Q9Y487|VPP2_HUMAN V-type proton ATPase 116 kDa subunit a isoform 2 OS=Homo sapiens GN=ATP6V0A2 PE=1 SV=2	856	8.411	8.411	0.0	1	14	6	0	3	3	0	2.2600000000000002e-77	3	3	39608.61424	35185.51128	40802.18412	44547.82002	42084.10927	44595.24859	Q9Y487	ATP6V0A2	Q9Y487	149937.02972	27510.518012499997	27901.2191075	44266.365535	50601.0150075	27705.86856	47433.69027125	0.7757205170816123	0.0004935514702155	0.0158698041370163
PG253658	sp|Q9Y3D0|MIP18_HUMAN Mitotic spindle-associated MMXD complex subunit MIP18 OS=Homo sapiens GN=FAM96B PE=1 SV=1	163	34.97	34.97	0.0	1	11	4	0	2	2	0	5.64e-54	2	2	38417.13771	36979.84194	37084.80553	32794.59708	37630.00577	38807.64882	Q9Y3D0	FAM96B	Q9Y3D0	140981.31339999998	27261.43615	28571.2981325	40909.42984	44448.873325	27916.36714125	42679.151582499995	0.6124202865675608	0.0006585029949129	0.019532600513476
PG246360	sp|P05543|THBG_HUMAN Thyroxine-binding globulin OS=Homo sapiens GN=SERPINA7 PE=1 SV=2	415	4.578	4.578	0.0	1	4	2	0	2	2	0	1.0600000000000001e-29	2	2	7551.655404	9120.287555	68938.40436	71801.62268	65454.04195	74672.73401	P05543	SERPINA7	P05543	136370.903893	7855.21146625	9704.5607415	57462.940025	63101.0354825	8779.886103875	60281.98775375	2.7794528597280364	9.1331524144135e-06	0.0011509977352493
PG254598	sp|P36955|PEDF_HUMAN Pigment epithelium-derived factor OS=Homo sapiens GN=SERPINF1 PE=1 SV=4	418	9.809	9.809	2.871	1	8	5	0	4	4	0	2.54e-66	4	4	8317.763594	12429.16704	62113.25385	64829.09785	61149.54525	70479.82203	P36955	SERPINF1	P36955	135935.214203	8996.3848285	10337.425090749999	55368.083825	63215.308495	9666.904959625	59291.69616	2.616704105604697	6.42130256196273e-06	0.0010900172614743
PG250572	sp|O76071|CIAO1_HUMAN Probable cytosolic iron-sulfur protein assembly protein CIAO1 OS=Homo sapiens GN=CIAO1 PE=1 SV=1	339	33.33	33.33	7.965	1	22	10	0	4	4	0	1.32e-131	4	4	47850.06	40036.32713	45961.08678	38175.63615	48080.77741	40418.82638	O76071	CIAO1	O76071	134924.69288	26124.316525000002	26900.36701	40864.4972925	41313.7183925	26512.341767500002	41089.1078425	0.6320919005647339	0.0002221130269722	0.0096319694714521
PG243809	tr|C9JCC6|C9JCC6_HUMAN Dr1-associated corepressor OS=Homo sapiens GN=DRAP1 PE=1 SV=1	212	36.32	36.32	14.15	4	14	8	0	2	2	0	1.7600000000000002e-109	2	2	47365.21777	40546.25104	46304.52665	34136.80749	45567.70589	38140.60814	Q14919|Q14919-2|C9JCC6|E9PQX9	DRAP1	C9JCC6	127081.20476000001	22472.6247275	23577.986807499998	42251.2209725	39089.441072500005	23025.3057675	40670.3310225	0.8207564182819977	0.0001732810436876	0.0085026543635725
PG254544	sp|Q56VL3|OCAD2_HUMAN OCIA domain-containing protein 2 OS=Homo sapiens GN=OCIAD2 PE=1 SV=1	154	48.7	48.7	9.74	1	28	9	0	4	4	0	1.47e-130	4	4	40924.39332	38562.98735	48774.8717	36546.3324	49369.36292	38608.16865	Q56VL3	OCIAD2	Q56VL3	125860.01311999999	22674.131005	22938.12336	42479.197205000004	37828.16054	22806.1271825	40153.6788725	0.816110696739796	0.0002841480250715	0.01125441813805
PG256087	sp|Q9Y6D0|SELK_HUMAN Selenoprotein K OS=Homo sapiens GN=SELENOK PE=1 SV=3	94	37.23	37.23	14.89	2	9	5	0	3	3	0	6.6300000000000005e-59	3	3	40051.28569	41000.75572	54070.84676	33050.40758	47602.53445	37256.85157	Q9Y6D0|F6XHT0	SELENOK	Q9Y6D0	124785.51699	25646.9068575	23564.0289875	42535.4066975	32947.966975	24605.4679225	37741.68683625	0.6171799520678667	0.0099331208529943	0.08052598726256
PG246890	sp|P17152|TMM11_HUMAN Transmembrane protein 11; mitochondrial OS=Homo sapiens GN=TMEM11 PE=1 SV=1	192	32.81	32.81	5.729	1	17	8	0	2	2	0	1.44e-93	2	2	35138.80232	36871.21008	44292.72646	36958.56125	34887.43102	33330.04336	P17152	TMEM11	P17152	123675.70944	19371.71462	18390.085039999998	38355.474812500004	48223.1602925	18880.89983	43289.3175525	1.197083534318633	0.000407433323077	0.0144547275610408
PG244170	sp|O60524|NEMF_HUMAN Nuclear export mediator factor NEMF OS=Homo sapiens GN=NEMF PE=1 SV=4	1076	18.77	18.77	0.09294	3	30	14	0	2	2	0	1.73e-182	2	2	30665.0694	26762.18056	38001.47852	31941.8493	38467.30629	33325.03789	O60524|O60524-3|O60524-4	NEMF	O60524	119648.84380999999	23594.18444	21912.3908	36256.8568725	38132.456900000005	22753.287620000003	37194.65688625	0.7090203739275733	0.0003139310931399	0.0118720758074592
PG255482	sp|Q684P5|RPGP2_HUMAN Rap1 GTPase-activating protein 2 OS=Homo sapiens GN=RAP1GAP2 PE=1 SV=2	730	16.71	16.71	3.699	1	27	9	0	2	2	0	4.13e-133	2	2	21008.31226	22089.31081	36153.27379	44129.81613	34867.58838	39200.62458	Q684P5	RAP1GAP2	Q684P5	116646.72803999999	23367.59414	22344.0000075	34607.382182500005	36544.8742825	22855.79707375	35576.12823250001	0.6383493775293951	0.0003585815267488	0.0130812957451206
PG253131	sp|P84243|H33_HUMAN Histone H3.3 OS=Homo sapiens GN=H3F3A PE=1 SV=2	136	52.94	7.353	38.97	2	586	18	16	82	8	7	8.58e-218	1	1	38986.96542	49623.76831	61478.64202	37242.39378	55412.26274	38041.72824	P84243|K7EK07	H3F3A|H3F3B	P84243	116600.02312	13281.5852625	15187.0680225	58550.0701675	31176.8393625	14234.3266425	44863.454765	1.656166473457509	0.0053818367472364	0.0663169350430564
PG246521	sp|P20226|TBP_HUMAN TATA-box-binding protein OS=Homo sapiens GN=TBP PE=1 SV=2	339	16.81	16.81	0.0	3	10	4	0	2	2	0	2.86e-51	2	2	44195.55436	34364.66979	44023.05785	38645.83475	57876.674	42739.1241	P20226|P20226-2|Q32MN6	TBP	P20226	114768.77398000001	19743.545205	16479.3325175	39972.8086475	38988.55136	18111.438861249997	39480.68000375	1.1242456729796155	0.0002219564254208	0.0096319694714521
PG244899	sp|P26599-3|PTBP1_HUMAN Isoform 3 of Polypyrimidine tract-binding protein 1 OS=Homo sapiens GN=PTBP1	557	55.83	2.154	19.75	3	146	26	24	11	7	6	0.0	2	1	63031.07296	30260.60143	78859.98812	32029.02035	83199.0325	45552.92317	P26599|P26599-2|P26599-3	PTBP1	P26599-3	112884.49278	14263.70259	14725.526115	43740.99153	40898.8655525	14494.6143525	42319.92854125	1.545820242222161	7.81735280885971e-06	0.0010900172614743
PG250396	sp|P02748|CO9_HUMAN Complement component C9 OS=Homo sapiens GN=C9 PE=1 SV=2	559	2.683	2.683	0.0	1	4	2	0	2	2	0	2.93e-20	2	2	13143.87381	12355.28151	42910.40593	45792.24131	42475.82519	45676.75645	P02748	C9	P02748	109276.22591000001	11313.195169999999	13544.4215975	36670.6706575	48385.3928275	12428.80838375	42528.031742499996	1.7747261023996315	0.0002569969867897	0.0103265531661245
PG246622	tr|G3XAN8|G3XAN8_HUMAN Mitochondrial import inner membrane translocase subunit Tim8 B OS=Homo sapiens GN=TIMM8B PE=1 SV=1	98	35.71	35.71	0.0	2	7	3	0	1	1	0	8.819999999999999e-42	1	1	30812.38079	21975.47847	13999.53494	18348.81749	20533.0258	18793.76302	Q9Y5J9|G3XAN8	TIMM8B	G3XAN8	107549.10907	37381.6585225	32230.5568025	17690.87089	19863.46041	34806.1076625	18777.16565	-0.8903611782573086	0.0006852822181802	0.019532600513476
PG256617	tr|V5IRT4|V5IRT4_HUMAN Ubiquinol-cytochrome-c reductase complex assembly factor 2 (Fragment) OS=Homo sapiens GN=UQCC2 PE=1 SV=1	126	33.33	33.33	0.0	2	9	3	0	2	2	0	5.99e-43	2	2	40637.13674	33447.65082	40461.26701	25024.76842	35465.4418	26926.90025	Q9BRT2|V5IRT4	UQCC2	V5IRT4	106203.71087	21042.2903125	20371.875265	33529.5711825	31646.2227075	20707.082788749998	32587.896945	0.6542119297986513	0.0003017078475107	0.0117816116272555
PG254942	sp|Q15063|POSTN_HUMAN Periostin OS=Homo sapiens GN=POSTN PE=1 SV=2	836	7.656	7.656	2.273	3	9	6	0	3	3	0	1.3e-83	3	3	6897.832112	6613.990206	54791.80871	44788.77982	47808.9666	47795.2156	Q15063|Q15063-2|Q15063-5	POSTN	Q15063	102079.149399	6151.13074575	6363.55547125	40835.1745525	49290.7302425	6257.343108499999	45062.952397500005	2.848319719453515	4.38589996725546e-06	0.0009353880440284
PG250395	sp|P10643|CO7_HUMAN Complement component C7 OS=Homo sapiens GN=C7 PE=1 SV=2	843	2.017	2.017	0.0	1	2	2	0	1	1	0	1.6e-23	1	1	6384.29867	6459.177455	46760.4491	45741.82057	46796.11628	48346.14826	P10643	C7	P10643	102036.57464199999	6868.10231075	7434.560310000001	40043.65726	48365.6976825	7151.331310375001	44204.677471250005	2.6279152870907985	7.86297557209844e-06	0.0010900172614743
PG253502	sp|Q3MHD2-2|LSM12_HUMAN Isoform 2 of Protein LSM12 homolog OS=Homo sapiens GN=LSM12	198	37.37	37.37	4.04	2	41	6	0	2	2	0	3.4e-93	2	2	45506.92407	28142.98339	55544.19274	23785.49014	42481.05578	31198.06206	Q3MHD2|Q3MHD2-2	LSM12	Q3MHD2-2	100605.65483	15718.67876	16116.75371	31120.270842500002	37925.6896025	15917.716235	34522.9802225	1.1169236489217036	0.0003168705926456	0.0118720758074592
PG246303	tr|A0A0G2JQJ7|A0A0G2JQJ7_HUMAN Microtubule-associated protein OS=Homo sapiens GN=MAPT PE=1 SV=1	758	16.09	16.09	6.86	3	49	13	0	2	2	0	3.8300000000000006e-163	2	2	20492.26617	17015.13509	41656.70192	32750.31678	40388.9524	34442.2209	P10636|A0A0G2JPD5|A0A0G2JQJ7	MAPT	A0A0G2JQJ7	99984.19979000001	10094.94160075	9628.083881	37875.64166	43084.1452175	9861.512740875001	40479.893438750005	2.037324616326043	7.38861128278392e-06	0.0010900172614743
PG252737	sp|P16520|GBB3_HUMAN Guanine nucleotide-binding protein G(I)/G(S)/G(T) subunit beta-3 OS=Homo sapiens GN=GNB3 PE=1 SV=1	340	7.059	2.059	0.0	6	14	3	2	3	2	1	2.34e-40	2	1	45212.29628	39219.73594	42471.20792	31630.32996	34776.03924	31727.84912	P16520|P16520-2|F5H8J8|F5H100|E9PCP0|F5H0S8	GNB3	P16520	99072.2407	12719.6213825	13326.3265325	40638.4456525	32858.24723	13022.973957499999	36748.34644125	1.4966203913002774	0.0001178961978523	0.0066708344667597
PG245122	sp|P62877|RBX1_HUMAN E3 ubiquitin-protein ligase RBX1 OS=Homo sapiens GN=RBX1 PE=1 SV=1	108	12.96	12.96	7.407	1	5	2	0	1	1	0	3.5599999999999995e-24	1	1	24580.07249	22720.64822	19912.22716	13834.50727	15792.40934	17455.58793	P62877	RBX1	P62877	95837.01861	25743.0550025	33839.242255	19779.554915	16500.6083425	29791.14862875	18140.08162875	-0.7157028013889498	0.0105739536096151	0.0818899901290107
PG255519	sp|Q96DV4|RM38_HUMAN 39S ribosomal protein L38; mitochondrial OS=Homo sapiens GN=MRPL38 PE=1 SV=2	380	41.84	41.84	2.632	1	30	13	0	2	2	0	4.72e-168	2	2	29747.31574	31860.1924	29210.38753	27393.01287	25865.92902	24834.67476	Q96DV4	MRPL38	Q96DV4	95203.14173	16916.3940675	18884.2890525	28360.481635	31450.594125	17900.34156	29905.53788	0.7404255499981762	0.0007927160233002	0.0213381545684211
PG251415	sp|Q8WYQ5|DGCR8_HUMAN Microprocessor complex subunit DGCR8 OS=Homo sapiens GN=DGCR8 PE=1 SV=1	773	25.61	25.61	11.25	2	62	21	0	2	2	0	4.4600000000000004e-307	2	2	16770.19621	17086.96135	33619.14863	23606.92728	27987.41643	28924.48344	Q8WYQ5|Q8WYQ5-3	DGCR8	Q8WYQ5	95144.44132	19394.6862125	18528.0653475	29494.4101725	28082.5645625	18961.375780000002	28788.487367499998	0.6024283418002065	0.0004348119615594	0.0148830831703846
PG253032	sp|Q53GS7|GLE1_HUMAN Nucleoporin GLE1 OS=Homo sapiens GN=GLE1 PE=1 SV=2	698	17.05	17.05	0.0	2	12	9	0	2	2	0	1.3900000000000001e-123	2	2	32694.34151	30332.16261	31174.7181	24830.54611	34495.80712	28506.24016	Q53GS7|Q53GS7-2	GLE1	Q53GS7	94598.01593	14640.1865475	14884.8737225	35042.2370075	30446.65251	14762.530135	32744.44475875	1.1493101631320373	0.0001015154695675	0.0061056722779724
PG253229	sp|P16104|H2AX_HUMAN Histone H2AX OS=Homo sapiens GN=H2AFX PE=1 SV=2	143	63.64	11.19	19.58	1	312	10	6	17	5	4	4.24e-138	2	1	31696.51655	42587.80617	45890.98882	37259.20383	43612.7778	30217.05586	P16104	H2AFX	P16104	93369.436647	7401.733291250001	9850.54910925	47633.08151	28925.883787500003	8626.14120025	38279.48264875	2.149784095102924	0.0010633150316953	0.0254144320562122
PG247986	sp|P08697|A2AP_HUMAN Alpha-2-antiplasmin OS=Homo sapiens GN=SERPINF2 PE=1 SV=3	491	6.11	6.11	0.0	5	4	2	0	2	2	0	4.86e-31	2	2	2829.677211	2091.260636	48830.54523	50179.69618	44944.26338	51159.7041	P08697|P08697-2|A0A0G2JPA8|A0A0J9YY65|C9JMH6	SERPINF2	P08697	93153.259495	3093.64327475	2560.6445865	38219.237495	49969.3911075	2827.143930625	44094.31430125	3.9631754027301107	7.13996063134269e-06	0.0010900172614743
PG248755	tr|B0YIW2|B0YIW2_HUMAN Apolipoprotein C-III OS=Homo sapiens GN=APOC3 PE=1 SV=1	117	13.68	13.68	0.0	2	4	1	0	2	1	0	1.34e-19	2	1	13323.49293	13160.9097	28919.27017	27560.61454	29010.76869	28514.91959	P02656|B0YIW2	APOC3	B0YIW2	90932.38662	14790.481055	15125.297385	27478.598925	33681.52385	14957.889220000001	30580.061387499998	1.0316846988961228	0.0004880693814116	0.0158698041370163
PG244553	sp|Q9Y6V0-5|PCLO_HUMAN Isoform 5 of Protein piccolo OS=Homo sapiens GN=PCLO	5142	0.4667	0.4667	0.0	4	2	2	0	1	1	0	1.69e-20	1	1	3673.765876	1994.554819	44416.43593	35966.74329	49384.58468	48335.69559	Q9Y6V0|Q9Y6V0-2|Q9Y6V0-5|Q9Y6V0-6	PCLO	Q9Y6V0-5	85503.845584	4329.74638575	3738.697248	37439.0278175	40693.4382475	4034.2218168749996	39066.2330325	3.2755598340274474	1.56952966195572e-06	0.0007252616638746
PG246598	sp|P05452|TETN_HUMAN Tetranectin OS=Homo sapiens GN=CLEC3B PE=1 SV=3	202	15.84	15.84	0.0	2	4	2	0	2	2	0	3.38e-32	1	1	5723.745977	6066.288026	40716.16097	37554.22206	32989.73866	37874.08808	P05452|E9PHK0	CLEC3B	P05452	83062.00249099999	6428.88246525	6017.1750285	32979.5923725	38052.98078	6223.028746874999	35516.28657625	2.512791932056565	4.2288508492647e-06	0.0009353880440284
PG246313	sp|Q9BQ70|TCF25_HUMAN Transcription factor 25 OS=Homo sapiens GN=TCF25 PE=1 SV=1	676	26.04	26.04	2.219	1	23	13	0	3	3	0	7.72e-173	3	3	27693.51809	19791.5737	31818.76825	20138.56282	25445.09942	24853.62238	Q9BQ70	TCF25	Q9BQ70	82733.19441	13544.4215975	12373.472215	27526.8820725	30102.6549375	12958.94690625	28814.768505	1.152859945250721	7.57052322960109e-05	0.0052243503358316
PG242971	sp|P08779|K1C16_HUMAN Keratin; type I cytoskeletal 16 OS=Homo sapiens GN=KRT16 PE=1 SV=4	473	7.822	4.44	1.48	3	9	5	3	3	3	2	3.1700000000000003e-59	1	1	14390.05463	20056.78233	15498.95411	10573.64305	13646.03405	11921.85226	P02533|P19012|P08779	KRT14|KRT15|KRT16	P08779	80111.49165	27678.11861	23762.4479775	14124.3635675	13990.795555	25720.28329375	14057.57956125	-0.8715583211098057	0.0004171289143163	0.0144562867039257
PG245729	sp|Q9NRQ5|SMCO4_HUMAN Single-pass membrane and coiled-coil domain-containing protein 4 OS=Homo sapiens GN=SMCO4 PE=1 SV=1	59	13.56	13.56	11.86	3	4	2	0	1	1	0	2.77e-18	1	1	32521.74957	31366.26634	36793.18364	22762.69411	34664.80119	25677.46721	Q9NRQ5|E9PQ76|E9PSB8	SMCO4	Q9NRQ5	79919.08554999999	12389.2683275	11414.399515000001	32969.9632725	23762.4479775	11901.83392125	28366.205625	1.2529892913461782	0.0012821725669655	0.0286682537666029
PG254353	sp|Q96MF7|NSE2_HUMAN E3 SUMO-protein ligase NSE2 OS=Homo sapiens GN=NSMCE2 PE=1 SV=2	247	29.96	29.96	4.049	2	15	8	0	2	2	0	1.32e-97	2	2	20637.30127	21108.84592	26378.144	19872.38475	30323.4378	18324.78966	Q96MF7|E5RFJ1	NSMCE2	Q96MF7	79872.51977	11208.0563475	14079.932205000001	29852.930125	25339.700815	12643.99427625	27596.31547	1.1260233707494047	0.0009471788650817	0.0240925043229442
PG246101	sp|Q9BWJ5|SF3B5_HUMAN Splicing factor 3B subunit 5 OS=Homo sapiens GN=SF3B5 PE=1 SV=1	86	83.72	83.72	0.0	1	15	5	0	1	1	0	6.38e-78	1	1	22666.4955	23014.68004	12657.11317	14055.03102	13481.98187	13575.56672	Q9BWJ5	SF3B5	Q9BWJ5	78360.98374999998	24404.602665	24521.805454999998	15094.763729999999	14193.5479225	24463.204059999996	14644.15582625	-0.7402883424061057	0.0001633246564275	0.0082331401526502
PG256768	sp|P62328|TYB4_HUMAN Thymosin beta-4 OS=Homo sapiens GN=TMSB4X PE=1 SV=2	44	61.36	61.36	56.82	1	26	8	1	1	1	0	4.19e-111	1	1	26560.25756	17578.53485	11156.69982	11740.0855	13258.0104	15824.00347	P62328	TMSB4X	P62328	77715.35519	25555.373792500002	26529.0530475	11464.80542	13722.09958	26042.21342	12593.4525	-1.0481782207784294	0.0003062515673867	0.0117929448712652
PG266181	tr|A0A087WX41|A0A087WX41_HUMAN Clathrin heavy chain 2 OS=Homo sapiens GN=CLTCL1 PE=1 SV=1	1260	15.87	0.5556	5.079	1	83	24	23	16	13	12	0.0	1	1	46932.3589	25146.8077	44966.54345	16884.06419	42083.15538	19092.09166	A0A087WX41	CLTCL1	A0A087WX41	74611.630556	7365.950245	7067.940849	33315.587419999996	27246.6762375	7216.945546999999	30281.131828749996	2.068958855908426	2.30786563928419e-05	0.0023698627884352
PG247248	sp|Q13049|TRI32_HUMAN E3 ubiquitin-protein ligase TRIM32 OS=Homo sapiens GN=TRIM32 PE=1 SV=2	653	5.054	5.054	2.144	1	13	4	0	2	1	0	7.98e-48	2	1	6123.449942	5698.220626	33283.14654	35698.16155	30542.88898	31865.55692	Q13049	TRIM32	Q13049	72311.077563	5663.5824155	5078.78097475	29100.471795	32640.55142	5371.181695125	30870.5116075	2.5229179618980644	4.18246894920597e-06	0.0009353880440284
PG255539	sp|Q9Y508|RN114_HUMAN E3 ubiquitin-protein ligase RNF114 OS=Homo sapiens GN=RNF114 PE=1 SV=1	228	29.39	29.39	0.0	4	12	6	0	2	2	0	5.81e-81	2	2	27060.80983	20210.47879	33837.83963	18288.0625	29905.0457	20139.53404	Q9Y508|Q9Y508-2|A0A096LP02|A0A096LNV3	RNF114	Q9Y508	72241.34633	9368.702762500001	13965.652655	24390.17365	24652.0195525	11667.177708750001	24521.09660125	1.0715678836422717	0.0038381913961568	0.0534749018159067
PG256927	sp|Q9Y3S2|ZN330_HUMAN Zinc finger protein 330 OS=Homo sapiens GN=ZNF330 PE=1 SV=1	320	31.88	31.88	5.625	1	12	7	0	1	1	0	3.9899999999999997e-84	1	1	21480.70434	24163.27052	22823.79155	24287.29504	20808.56171	22142.01848	Q9Y3S2	ZNF330	Q9Y3S2	70685.3696	10900.1636575	14284.398895	23143.537822500002	22896.281179999998	12592.28127625	23019.90950125	0.8703424896986545	0.0023143032626155	0.0379869698317769
PG250122	sp|P09564|CD7_HUMAN T-cell antigen CD7 OS=Homo sapiens GN=CD7 PE=1 SV=1	240	24.17	24.17	6.25	1	20	5	0	2	2	0	7.52e-70	2	2	26980.37104	22047.81018	30607.7168	21908.94529	33351.28952	22699.41472	P09564	CD7	P09564	70445.66812	11968.99372	13248.9192075	22079.527654999998	23556.258465	12608.95646375	22817.89306	0.8557167023887758	0.0002443328644356	0.0101107536403577
PG256407	sp|P63272|SPT4H_HUMAN Transcription elongation factor SPT4 OS=Homo sapiens GN=SUPT4H1 PE=1 SV=1	117	28.21	28.21	0.0	1	4	3	0	1	1	0	7.230000000000001e-37	1	1	18900.66314	19879.11401	15261.11949	15697.58967	16055.93696	20739.89361	P63272	SUPT4H1	P63272	69907.87304	23263.17524	20981.1296725	13604.5712125	11706.3759525	22122.152456249998	12655.473582499999	-0.8057302689458232	0.0009336874446566	0.0239692369158808
PG249115	sp|P20648|ATP4A_HUMAN Potassium-transporting ATPase alpha chain 1 OS=Homo sapiens GN=ATP4A PE=2 SV=5	1035	7.053	1.836	0.0	1	18	7	5	4	4	3	1.15e-84	1	1	20003.70177	18211.50817	12347.62959	11117.69928	8910.607847	10391.24898	P20648	ATP4A	P20648	66178.25331	22023.93016	21477.8530425	10622.651035	11548.3453525	21750.891601249998	11085.498193750002	-0.9724009325102964	7.58713161506224e-05	0.0052243503358316
PG248855	sp|O43861|ATP9B_HUMAN Probable phospholipid-transporting ATPase IIB OS=Homo sapiens GN=ATP9B PE=2 SV=4	1147	4.185	4.185	0.0	2	5	4	0	1	1	0	7.990000000000001e-37	1	1	21095.16549	19540.06319	24227.55856	21641.45409	24864.0358	23485.23096	O43861|O43861-2	ATP9B	O43861	66089.168935	7519.50736075	11111.43472	21849.6834125	25934.8546825	9315.471040375	23892.269047499998	1.35884324641729	0.0019528278196517	0.0347068980176224
PG251264	tr|A0A087WVP1|A0A087WVP1_HUMAN Protocadherin Fat 1 OS=Homo sapiens GN=FAT1 PE=1 SV=1	4590	0.4575	0.4575	0.0	2	2	2	0	1	1	0	3.61e-29	1	1	24081.95171	21731.64488	26284.88329	19951.30691	29818.79218	18056.74207	Q14517|A0A087WVP1	FAT1	A0A087WVP1	63782.479595	7256.4453405	6856.6766769999995	24635.6407325	25147.1152625	7056.56100875	24891.3779975	1.8186089334466897	2.99904611296785e-06	0.0009238832187122
PG259633	tr|H0Y5F5|H0Y5F5_HUMAN Polyadenylate-binding protein (Fragment) OS=Homo sapiens GN=PABPC4 PE=1 SV=1	550	44.55	5.091	16.73	1	86	27	24	13	11	10	0.0	1	1	22332.77411	21280.26873	21597.16211	22520.04286	25667.71718	24852.82802	H0Y5F5	PABPC4	H0Y5F5	61412.664581000005	9439.999828	8867.399741500001	22938.12336	20416.1330325	9153.69978475	21677.12819625	1.2437467583832447	5.99260567819598e-05	0.0047470532319828
PG254100	sp|O95169|NDUB8_HUMAN NADH dehydrogenase [ubiquinone] 1 beta subcomplex subunit 8; mitochondrial OS=Homo sapiens GN=NDUFB8 PE=1 SV=1	186	22.58	22.58	0.0	2	7	4	0	1	1	0	4.62e-44	1	1	26241.68415	24181.8471	24997.27136	19064.29187	21908.09319	22082.48928	O95169|O95169-3	NDUFB8	O95169	60638.467038	8787.556558	9232.15710025	23175.6456725	19501.9799675	9009.856829125001	21338.81282	1.243903828155507	0.0001414425692886	0.0076745699958259
PG249431	sp|Q99622|C10_HUMAN Protein C10 OS=Homo sapiens GN=C12orf57 PE=1 SV=1	126	43.65	43.65	0.0	2	13	4	0	1	1	0	8.2e-63	1	1	14129.13836	16685.49921	10411.60487	8561.781433	7478.199898	8014.595386	Q99622|U3KQ85	C12orf57	Q99622	59968.99801	19876.764615	18907.7478725	10679.3086275	10258.6559495	19392.256243750002	10468.9822885	-0.889359465705314	7.62690067021967e-05	0.0052243503358316
PG246795	tr|E9PJ55|E9PJ55_HUMAN T-complex protein 11-like protein 1 OS=Homo sapiens GN=TCP11L1 PE=1 SV=1	595	6.387	6.387	0.0	2	21	3	0	2	2	0	7.780000000000001e-47	2	2	9625.335547	11053.08852	20840.61916	20276.63117	17057.55485	19175.05952	Q9NUJ3|E9PJ55	TCP11L1	E9PJ55	59389.994249999996	10834.0443525	10886.0563675	21245.6094575	16961.9943325	10860.05036	19103.801894999997	0.8148289879597453	0.0018272473711422	0.0335609192719382
PG259314	tr|A0A0J9YYD9|A0A0J9YYD9_HUMAN Uncharacterized protein (Fragment) OS=Homo sapiens PE=4 SV=1	290	34.83	24.48	5.517	1	29	9	3	3	3	1	5.21e-108	2	2	23071.16031	21373.35753	23532.05377	16115.8888	29494.15152	17011.65513			A0A0J9YYD9	57642.200474000005	10610.2046875	9785.51878425	20992.56997	16525.5568625	10197.861735875	18759.06341625	0.8793211172788016	0.001945829411292	0.0347068980176224
PG246366	sp|P52657|T2AG_HUMAN Transcription initiation factor IIA subunit 2 OS=Homo sapiens GN=GTF2A2 PE=1 SV=1	109	23.85	23.85	0.0	1	5	3	0	1	1	0	3e-32	1	1	19667.17645	19792.98682	20664.91615	17084.02765	21218.01271	18257.74757	P52657	GTF2A2	P52657	56789.071066000004	7726.7639555000005	8156.156994	19366.0937675	21673.85769	7941.46047475	20519.97572875	1.3695527687147024	3.41298763158624e-05	0.0030524563711779
PG252104	sp|Q9GZT9|EGLN1_HUMAN Egl nine homolog 1 OS=Homo sapiens GN=EGLN1 PE=1 SV=1	426	26.76	26.76	0.0	1	19	7	0	2	2	0	5.55e-98	2	2	17211.79059	13424.83532	18875.44084	11973.51379	15611.43291	15123.52423	Q9GZT9	EGLN1	Q9GZT9	55311.372575	9623.153671	9844.30258975	16123.0449175	19784.916265	9733.728130374999	17953.98059125	0.8832393557301927	0.0009671894707805	0.0242742427064297
PG242240	sp|Q15651|HMGN3_HUMAN High mobility group nucleosome-binding domain-containing protein 3 OS=Homo sapiens GN=HMGN3 PE=1 SV=2	99	57.58	27.27	51.52	1	33	12	7	2	2	1	2.85e-145	1	1	17678.63216	28540.14147	26490.48243	22156.45305	28092.33792	20695.77238	Q15651	HMGN3	Q15651	55303.918166	7744.508871	9040.24395975	23914.632975	14403.3564625	8392.376415375	19158.99471875	1.1908705718644663	0.0090846644897804	0.0784657815913093
PG255328	sp|Q96I23|PREY_HUMAN Protein preY; mitochondrial OS=Homo sapiens GN=PYURF PE=1 SV=1	114	27.19	27.19	0.0	1	5	2	0	2	2	0	6.4e-29	2	2	15939.56018	17237.83224	16870.68597	15521.9272	16062.93026	14395.68297	Q96I23	PYURF	Q96I23	54589.880691	7910.32097325	9410.672990000001	17198.477609999998	20098.18822	8660.496981625001	18648.332915	1.1065249438555356	0.0005389630698389	0.0166896693953295
PG244578	sp|Q2NL67|PARP6_HUMAN Poly [ADP-ribose] polymerase 6 OS=Homo sapiens GN=PARP6 PE=2 SV=1	630	6.349	6.349	0.0	2	14	2	0	4	1	0	1.61e-22	4	1	10216.20138	11733.00437	17326.90834	24783.70983	15762.09455	16699.81048	Q2NL67|H3BQK2	PARP6	Q2NL67	53093.838942999995	9823.38551475	10449.859027499999	13511.08656	19289.2343375	10136.622271125	16400.16044875	0.6941329322593534	0.0174897944155987	0.0992667875016141
PG250206	sp|Q8ND61|CC020_HUMAN Uncharacterized protein C3orf20 OS=Homo sapiens GN=C3orf20 PE=2 SV=2	904	2.323	1.549	0.0	2	3	2	1	1	1	0	4.19e-22	1	1	1543.789522	1830.012927	24861.92662	26302.20559	24062.22578	22595.83865	Q8ND61|Q8ND61-2	C3orf20	Q8ND61	52354.877280999994	2433.93100975	1197.8386424999999	22805.30426	25885.584525	1815.884826125	24345.4443925	3.7449072286410807	0.0002148459824792	0.0096319694714521
PG244554	sp|Q15154|PCM1_HUMAN Pericentriolar material 1 protein OS=Homo sapiens GN=PCM1 PE=1 SV=4	2024	32.91	0.9881	6.324	1	271	61	57	18	17	16	0.0	1	1	16142.98276	14875.78966	16542.14103	14777.78583	15857.34132	16184.56697	Q15154	PCM1	Q15154	50956.810842	9175.54352025	9206.43638425	15962.937129999998	16870.86875	9190.98995225	16416.90294	0.8368898211529716	8.74927605318078e-05	0.0056413118559605
PG251066	sp|P51397|DAP1_HUMAN Death-associated protein 1 OS=Homo sapiens GN=DAP PE=1 SV=3	102	78.43	78.43	27.45	1	25	6	0	1	1	0	1.86e-76	1	1	11991.77512	10790.62891	10563.08008	12866.49798	11586.37987	13705.26822	P51397	DAP	P51397	49755.271662	8604.58503525	10505.512115	13118.937904999999	17573.949255	9555.048575125	15346.44358	0.6835692482929123	0.0160931212148775	0.0962709375165608
PG250494	sp|Q7Z4G1-2|COMD6_HUMAN Isoform 2 of COMM domain-containing protein 6 OS=Homo sapiens GN=COMMD6	98	52.04	52.04	0.0	2	16	5	0	2	2	0	1.61e-66	2	2	14902.19458	15125.4815	15649.5424	11916.40594	12222.47044	12343.08134	Q7Z4G1|Q7Z4G1-2	COMMD6	Q7Z4G1-2	49552.74746300001	7646.33616125	10610.2046875	16432.374895	14931.8219325	9128.270424375	15682.09841375	0.7807051815599307	0.0076897272567161	0.0743189411972227
PG255730	sp|Q9P0U3|SENP1_HUMAN Sentrin-specific protease 1 OS=Homo sapiens GN=SENP1 PE=1 SV=2	644	11.8	11.8	0.9317	2	17	7	0	2	2	0	1.6499999999999998e-82	2	2	15497.64355	15011.88945	18608.53176	12819.01707	17247.82915	14056.90469	Q9P0U3|Q9P0U3-2	SENP1	Q9P0U3	48352.302111	6514.461851	7604.3779190000005	18294.7098425	16322.538325	7059.419885	17308.62408375	1.2938695064065164	0.0001439398183813	0.0076745699958259
PG267412	tr|A0A0C4DGB9|A0A0C4DGB9_HUMAN Inorganic pyrophosphatase 2; mitochondrial OS=Homo sapiens GN=PPA2 PE=1 SV=1	63	53.97	14.29	12.7	1	13	4	2	2	2	1	5.48e-53	1	1	18228.7201	17480.42948	16538.03949	13796.91632	17754.33248	13025.28702	A0A0C4DGB9	PPA2	A0A0C4DGB9	46999.109649	6646.17029975	7686.30244525	16844.4852875	16262.598205	7166.2363725	16553.54174625	1.2078523891989446	9.20863984475222e-05	0.0058025548710377
PG242916	tr|B7ZKJ8|B7ZKJ8_HUMAN ITIH4 protein OS=Homo sapiens GN=ITIH4 PE=1 SV=1	935	3.316	3.316	0.0	5	4	3	0	1	1	0	1.39e-37	1	1	4769.868724	3981.564515	17608.31585	18393.76443	16977.76301	17198.29282	Q14624|Q14624-2|Q14624-3|Q14624-4|B7ZKJ8	ITIH4	B7ZKJ8	46342.374603000004	6113.82702	5757.77932325	15458.3530175	19047.872055	5935.803171625	17253.11253625	1.5393414950145872	0.0001035034683614	0.0061056722779724
PG251456	sp|P18858|DNLI1_HUMAN DNA ligase 1 OS=Homo sapiens GN=LIG1 PE=1 SV=1	919	65.07	8.923	17.63	1	305	61	55	20	18	17	0.0	1	1	20491.92957	15152.38102	22010.36742	11519.58274	22900.44268	13423.97499	P18858	LIG1	P18858	45632.339729	5611.6135165	6287.635382	17416.702065	16583.745179999998	5949.62444925	17000.2236225	1.5146832128695193	2.11842258413899e-05	0.0023493570978422
PG253165	sp|Q9Y5Z4|HEBP2_HUMAN Heme-binding protein 2 OS=Homo sapiens GN=HEBP2 PE=1 SV=1	205	24.88	24.88	0.0	1	12	5	0	2	2	0	1.54e-64	2	2	13518.06117	11219.26632	16245.64649	12351.98273	17245.78937	14187.8105	Q9Y5Z4	HEBP2	Q9Y5Z4	45320.124595999994	7860.26812075	8143.33267675	15036.021929999999	14124.3635675	8001.80039875	14580.19274875	0.8656132452037648	9.75384233841637e-05	0.0060095183034781
PG250574	sp|P0C7P0|CISD3_HUMAN CDGSH iron-sulfur domain-containing protein 3; mitochondrial OS=Homo sapiens GN=CISD3 PE=1 SV=1	127	18.9	18.9	0.0	1	4	2	0	1	1	0	2.12e-30	1	1	7423.586829	5390.637375	7491.118732	5594.705756	6580.715867	6439.759612	P0C7P0	CISD3	P0C7P0	43314.991169	6856.6766769999995	6995.75473025	12540.8327475	17028.52047	6926.215703624999	14784.67660875	1.0939634638464295	0.0015889818307363	0.031696491109462
PG247925	sp|P07108-5|ACBP_HUMAN Isoform 5 of Acyl-CoA-binding protein OS=Homo sapiens GN=DBI	148	31.08	31.08	5.405	7	7	4	0	1	1	0	1.03e-53	1	1	10093.47626	8976.108237	6335.837494	9222.899191	7622.18294	7768.500182	P07108|P07108-2|P07108-3|P07108-4|P07108-5|B8ZWD1|A0A0A0MTI5	DBI	P07108-5	43136.787764	12502.86506	14204.155952500001	9267.63522	7445.70161025	13353.51050625	8356.668415125001	-0.6762192647719028	0.0052424858995856	0.065472773916701
PG243525	sp|Q14657|LAGE3_HUMAN EKC/KEOPS complex subunit LAGE3 OS=Homo sapiens GN=LAGE3 PE=1 SV=2	143	36.36	36.36	11.19	1	12	4	0	3	2	0	3.51e-49	3	2	16067.42695	14841.75576	16410.79068	11009.46904	17326.89123	12702.7745	Q14657	LAGE3	Q14657	43041.322079000005	6983.4902805	7445.70161025	11581.11206	17094.469315000002	7214.595945375	14337.7906875	0.9908322323319311	0.0061689501220412	0.0683476478623033
PG247360	sp|P35443|TSP4_HUMAN Thrombospondin-4 OS=Homo sapiens GN=THBS4 PE=1 SV=2	961	4.266	4.266	0.0	2	4	3	0	2	2	0	2.0900000000000003e-37	2	2	4201.74519	4144.926245	20303.40152	20779.02955	16641.22556	19785.8281	P35443|E7ES19	THBS4	P35443	42096.366077	4036.9055085	4259.68677675	15190.13841	18670.251105	4148.296142625	16930.1947575	2.0290077739912498	2.85816805147463e-05	0.0026414533817257
PG248498	sp|P42025|ACTY_HUMAN Beta-centractin OS=Homo sapiens GN=ACTR1B PE=1 SV=1	376	33.51	22.07	2.128	1	33	10	4	5	4	3	2.54e-143	1	1	22564.24434	16528.08717	21568.66796	11638.66986	21524.39083	13092.74077	P42025	ACTR1B	P42025	41913.71331400001	4623.77428625	7020.622844	16710.9574775	13630.3459	5822.198565125	15170.65168875	1.3816471127689072	0.002524727524909	0.0404617680715277
PG253541	sp|Q9Y5V3-2|MAGD1_HUMAN Isoform 2 of Melanoma-associated antigen D1 OS=Homo sapiens GN=MAGED1	834	12.47	10.07	0.0	2	26	10	2	3	3	2	2.04e-123	1	1	14693.92961	16027.33725	15413.40506	14251.89779	16246.23625	13609.45902	Q9Y5V3|Q9Y5V3-2	MAGED1	Q9Y5V3-2	41596.146119000005	6831.079337499999	6551.32867175	14013.307415	13981.1651275	6691.2040046249995	13997.23627125	1.064804262193691	2.5149695273466e-05	0.0024902969726858
PG245641	sp|P62070-4|RRAS2_HUMAN Isoform 4 of Ras-related protein R-Ras2 OS=Homo sapiens GN=RRAS2	210	42.38	29.52	7.619	2	24	9	2	4	4	2	7.84e-130	2	2	13222.09322	14819.77883	10997.15799	11266.39511	12176.12131	10895.19506	P62070|P62070-4	RRAS2	P62070-4	40043.23687	7962.008524	7910.32097325	13448.85449	10707.2452775	7936.164748625	12078.04988375	0.6058736562251664	0.006340110742681	0.0697545831395731
PG242913	sp|P19827|ITIH1_HUMAN Inter-alpha-trypsin inhibitor heavy chain H1 OS=Homo sapiens GN=ITIH1 PE=1 SV=3	911	2.415	2.415	0.0	1	3	2	0	1	1	0	5.800000000000001e-26	1	1	16290.89011	10998.01427	17124.46348	13251.23781	15389.94748	15258.68654	P19827	ITIH1	P19827	39079.736864000006	4168.793068749999	3984.794983	14884.8737225	16209.143787500001	4076.7940258749995	15547.008755	1.931130058782528	4.32042556041574e-06	0.0009353880440284
PG246869	sp|P31483|TIA1_HUMAN Nucleolysin TIA-1 isoform p40 OS=Homo sapiens GN=TIA1 PE=1 SV=3	386	29.79	19.69	6.218	2	25	11	5	4	4	2	3.66e-148	2	2	8866.583086	8488.258413	8984.928557	8769.50753	8329.955282	8363.48827	P31483|F8W8I6	TIA1	P31483	36756.303153999994	11670.9703825	10838.4821625	6773.270895	7619.392957	11254.7262725	7196.331926	-0.6451973326845561	0.0011379112210532	0.0260735072905718
PG250983	sp|Q5QP82|DCA10_HUMAN DDB1- and CUL4-associated factor 10 OS=Homo sapiens GN=DCAF10 PE=1 SV=1	559	10.73	10.73	0.0	2	10	4	0	1	1	0	2.74e-47	1	1	9218.440901	9355.44516	10842.94379	8527.868847	11508.98147	10905.96175	Q5QP82|Q5QP82-2	DCAF10	Q5QP82	35131.030635	6386.71674575	7352.6176725000005	9240.9938135	11932.400295	6869.667209125	10586.697054249998	0.6239404361934386	0.0121441372921212	0.0852308771933851
PG242678	sp|Q15051|IQCB1_HUMAN IQ calmodulin-binding motif-containing protein 1 OS=Homo sapiens GN=IQCB1 PE=1 SV=1	598	3.846	3.846	0.0	2	2	2	0	1	1	0	1.41e-17	1	1	12658.10093	7760.064298	12005.23561	12140.22284	13692.87207	12875.05345	Q15051|Q15051-2	IQCB1	Q15051	34808.752071	5311.9006425	6248.34459525	12409.377665	10729.1181275	5780.122618875	11569.247896249999	1.0011230761827261	0.000657795852127	0.019532600513476
PG255960	sp|Q92854|SEM4D_HUMAN Semaphorin-4D OS=Homo sapiens GN=SEMA4D PE=1 SV=1	862	8.469	4.64	1.972	1	24	8	2	2	2	1	1.08e-99	1	1	5134.007474	5139.253546	14072.44217	13081.46438	13647.61838	13996.12714	Q92854	SEMA4D	Q92854	33985.766149	6121.2781695	6028.75973875	10342.135727	11318.35057	6075.018954125	10830.243148500002	0.8341048180222536	0.0001623383148044	0.0082331401526502
PG242819	sp|Q15058|KIF14_HUMAN Kinesin-like protein KIF14 OS=Homo sapiens GN=KIF14 PE=1 SV=1	1648	12.68	12.68	1.335	1	30	21	0	1	1	0	9.55e-256	1	1	13362.31365	10962.00326	13525.15236	12169.89791	15754.04518	9959.65914	Q15058	KIF14	Q15058	30724.215566	3581.796012	4971.46392475	12072.940825	9934.88959675	4276.629968375	11003.915210874999	1.3634706385106874	0.0012937768790591	0.0286962942766884
PG247289	sp|Q9NPG3|UBN1_HUMAN Ubinuclein-1 OS=Homo sapiens GN=UBN1 PE=1 SV=2	1134	13.23	13.23	1.323	2	32	13	0	1	1	0	2.47e-152	1	1	9054.016362	8199.094897	11750.88921	7749.388636	11164.71805	10385.17264	Q9NPG3|Q9NPG3-2	UBN1	Q9NPG3	29973.396502	5771.39316225	5928.6380552499995	9704.5607415	8539.03422625	5850.01560875	9121.797483875	0.6408776667529071	0.0010393379164281	0.0250573636344063
PG249318	tr|J3KN59|J3KN59_HUMAN BCL2/adenovirus E1B 19 kDa protein-interacting protein 2 OS=Homo sapiens GN=BNIP2 PE=1 SV=1	435	12.41	12.41	4.138	3	12	7	0	1	1	0	1.69e-94	1	1	8730.537222	5246.215326	11500.66181	6534.634026	8191.278153	7320.926731	Q12982|Q12982-2|J3KN59	BNIP2	J3KN59	27564.454103	3152.52130175	2756.178798	8087.21989725	12975.054625	2954.350049875	10531.137261125	1.8337485610324062	0.0011363609720044	0.0260735072905718
PG243543	sp|Q9UGP4|LIMD1_HUMAN LIM domain-containing protein 1 OS=Homo sapiens GN=LIMD1 PE=1 SV=1	676	29.14	27.96	1.923	2	20	12	1	1	1	0	1.6699999999999999e-152	1	1	7203.74179	7420.711571	6526.590697	6015.334698	8716.653411	7819.589051	Q9UGP4|C9JRJ5	LIMD1	Q9UGP4	25420.69678	3568.74570025	5140.19925525	8659.84577775	8027.1977435	4354.47247775	8343.521760625	0.9381585126757741	0.0051006431250154	0.0644751953536432
PG246783	sp|P0DI81-3|TPC2A_HUMAN Isoform 3 of Trafficking protein particle complex subunit 2 OS=Homo sapiens GN=TRAPPC2	174	24.14	24.14	0.0	2	6	3	0	1	1	0	2.37e-41	1	1	5688.244402	5593.234424	6818.026079	7115.047893	8426.147594	7080.033329	P0DI82|P0DI81-3	TRAPPC2B|TRAPPC2	P0DI81-3	23878.304097	5103.9528675	4384.3814892499995	7458.058262500001	6813.31590925	4744.167178375	7135.687085875001	0.588897502082357	0.0030973995192738	0.0460679495807604
PG250376	sp|P62633-6|CNBP_HUMAN Isoform 6 of Cellular nucleic acid-binding protein OS=Homo sapiens GN=CNBP	179	39.11	39.11	0.0	6	20	7	0	2	2	0	6.19e-82	2	2	5111.012213	2675.329016	5998.110215	5455.106341	6426.230764	4986.931118	P62633|P62633-2|P62633-4|P62633-5|P62633-6|P62633-8	CNBP	P62633-6	22816.494169999998	3359.771176	4267.58174075	6330.36017075	8798.919786	3813.676458375	7564.639978375	0.9880889676894017	0.0064983703657308	0.0703786511578714
PG252844	sp|P04921|GLPC_HUMAN Glycophorin-C OS=Homo sapiens GN=GYPC PE=1 SV=1	128	31.25	31.25	0.0	3	3	2	0	1	1	0	1.23e-28	1	1	6864.577684	6589.195182	8213.005043	6721.883385	8544.084349	6497.259868	P04921|P04921-2|P04921-3	GYPC	P04921	22340.305545	4012.79037525	4401.7030595	6558.6876345	7298.84464475	4207.246717375	6928.7661396250005	0.7197220413366604	0.0007577017875511	0.0205956064598588
PG243530	sp|Q659C4|LAR1B_HUMAN La-related protein 1B OS=Homo sapiens GN=LARP1B PE=1 SV=2	914	15.21	11.82	1.313	1	46	13	4	4	4	2	6.060000000000001e-156	2	2	8328.370811	7605.670522	7158.128592	6346.154122	8749.647434	6739.246059	Q659C4	LARP1B	Q659C4	21124.938163	3771.46174925	3327.6048705	7155.80613325	6692.756284	3549.5333098749998	6924.281208625	0.9640349640021819	0.000215415077571	0.0096319694714521
PG247763	sp|P02774-3|VTDB_HUMAN Isoform 3 of Vitamin D-binding protein OS=Homo sapiens GN=GC	493	10.55	10.55	8.114	3	17	6	0	4	3	0	5.2e-83	2	2	2445.525615	3751.783739	5791.978107	7621.481509	5707.154025	8050.088521	P02774|P02774-3|D6RF35	GC	P02774-3	19701.175671	3364.9311435	3078.06016825	6669.7012845	6474.01436125	3221.495655875	6571.857822874999	1.0285706197060835	6.69188688350854e-05	0.0051537403563592
PG242155	sp|Q8IX15-3|HOMEZ_HUMAN Isoform 2 of Homeobox and leucine zipper protein Homez OS=Homo sapiens GN=HOMEZ	552	7.065	7.065	3.623	3	11	3	0	1	1	0	7.539999999999999e-42	1	1	583.8552353	1126.14907	8946.67845	10121.77193	9688.508233	11171.09981	Q8IX15|Q8IX15-3|U3KPW8	HOMEZ	Q8IX15-3	18821.6154953	873.22730485	873.22730485	7901.72358475	8624.87190525	873.22730485	8263.297745	3.24228850459015	3.61898186084815e-07	0.0006910913259609
PG249891	sp|P08311|CATG_HUMAN Cathepsin G OS=Homo sapiens GN=CTSG PE=1 SV=2	255	6.275	6.275	0.0	1	2	2	0	1	1	0	3.23e-21	1	1	5073.810961	4563.945879	5226.182471	4649.702979	4861.531581	4118.541479	P08311	CTSG	P08311	17646.059727	3346.61167425	3505.41589825	5225.67835475	5602.126929	3426.0137862499996	5413.902641875	0.6601379869981769	0.0003874671253082	0.0139514896148961
PG252886	sp|Q3V6T2|GRDN_HUMAN Girdin OS=Homo sapiens GN=CCDC88A PE=1 SV=2	1871	15.18	14.48	3.474	4	67	29	2	1	1	0	0.0	1	1	4153.078383	5196.889209	3856.538916	4947.12262	5367.703259	5720.788719	Q3V6T2|Q3V6T2-2|Q3V6T2-3|Q3V6T2-4	CCDC88A	Q3V6T2	17399.663407	5166.61228425	5438.74462375	3169.41647675	3648.5471675	5302.678454	3408.981822125	-0.6373803618475258	0.0014305276942511	0.0298209224707506
PG250316	sp|P15169|CBPN_HUMAN Carboxypeptidase N catalytic chain OS=Homo sapiens GN=CPN1 PE=1 SV=1	458	3.275	3.275	0.0	2	2	1	0	1	1	0	3.13e-18	1	1	2693.070063	2542.427081	8310.454423	7606.160661	5675.605597	7470.389954	P15169|B1AP58	CPN1	P15169	16604.203586	2407.59863625	2180.97948175	6544.77184225	5257.8109125	2294.2890589999997	5901.291377375001	1.3629835245259967	0.0002493115191217	0.0101650583740909
PG248752	sp|P02647|APOA1_HUMAN Apolipoprotein A-I OS=Homo sapiens GN=APOA1 PE=1 SV=1	267	5.993	5.993	0.0	2	3	1	0	1	1	0	3.78e-18	1	1	1437.01407	2053.325533	6922.066879	7182.361342	5399.809392	5555.377997	P02647|F8W696	APOA1	P02647	16504.825939000002	1768.287409	1666.388671	5891.93017025	6856.6766769999995	1717.33804	6374.303423625	1.8920936478731547	1.64658450836027e-05	0.0019021695626248
PG245307	sp|Q96D15|RCN3_HUMAN Reticulocalbin-3 OS=Homo sapiens GN=RCN3 PE=1 SV=1	328	8.841	8.841	0.0	1	2	2	0	1	1	0	3.11e-30	1	1	2313.27749	1847.02792	6277.737865	5718.553342	5886.935295	5932.668501	Q96D15	RCN3	Q96D15	16171.751487999998	2314.0767025	2907.354281	5140.19925525	5697.23799	2610.71549175	5418.718622625	1.0535064888879242	0.0008247824508593	0.021778429447256
PG249487	sp|Q7KYR7|BT2A1_HUMAN Butyrophilin subfamily 2 member A1 OS=Homo sapiens GN=BTN2A1 PE=1 SV=3	527	9.488	9.488	0.0	2	12	5	0	1	1	0	1.01e-54	1	1	6104.413647	7115.577152	5448.578905	5094.95677	5523.646008	5101.450421	Q7KYR7|Q7KYR7-5	BTN2A1	Q7KYR7	15128.608485	2064.181094	2653.0264365	5470.9140879999995	4789.4812515	2358.60376525	5130.1976697499995	1.121081342151915	0.0009907126642731	0.0245248373967762
PG258379	tr|J3KPF0|J3KPF0_HUMAN Probable E3 ubiquitin-protein ligase HECTD4 OS=Homo sapiens GN=HECTD4 PE=1 SV=3	4416	2.785	2.649	0.0	1	23	9	1	1	1	0	6.74e-108	1	1	3896.503988	4298.871127	5218.138298	5653.387436	4319.435717	3867.363394	J3KPF0	HECTD4	J3KPF0	14784.78644	2438.3475325	2981.606172	4738.6954715	4398.7040215	2709.97685225	4568.6997465	0.7535031036056279	0.0019892840324994	0.0349072916386744
PG249383	sp|Q6UB35|C1TM_HUMAN Monofunctional C1-tetrahydrofolate synthase; mitochondrial OS=Homo sapiens GN=MTHFD1L PE=1 SV=1	978	37.32	1.636	1.329	1	90	31	29	16	16	15	0.0	1	1	7661.847098	5171.718851	8603.529834	3611.949294	7700.081102	4428.312948	Q6UB35	MTHFD1L	Q6UB35	14357.795072	1042.8325873	2390.5245885	5722.1975892499995	4971.46392475	1716.6785879	5346.830757	1.6390640616936767	0.0099302937592167	0.08052598726256
PG250191	sp|Q86X95|CIR1_HUMAN Corepressor interacting with RBPJ 1 OS=Homo sapiens GN=CIR1 PE=1 SV=1	450	21.33	21.33	1.778	1	31	9	0	1	1	0	6.479999999999999e-94	1	1	4716.97805	5846.159854	5193.779161	5906.007797	6045.422518	5318.791088	Q86X95	CIR1	Q86X95	13864.144821999998	1666.388671	2011.3330007499999	5365.87476625	4644.6444805	1838.8608358749998	5005.259623375	1.4446326023573228	0.0001795713603965	0.0085839172813394
PG255750	sp|Q7L4I2|RSRC2_HUMAN Arginine/serine-rich coiled-coil protein 2 OS=Homo sapiens GN=RSRC2 PE=1 SV=1	434	26.5	26.5	8.986	1	108	16	0	1	1	0	1.58e-213	1	1	4614.547708	4623.970431	5845.845695	3764.875277	6814.865086	4378.890692	Q7L4I2	RSRC2	Q7L4I2	13279.336263000001	2080.6434505	2120.7577195000003	4373.541002	4529.28091025	2100.7005850000005	4451.410956125	1.083392149283353	2.27926463105764e-05	0.0023698627884352
PG244693	sp|P20742|PZP_HUMAN Pregnancy zone protein OS=Homo sapiens GN=PZP PE=1 SV=4	1482	2.294	0.8097	0.0	1	13	3	2	5	3	2	9.24e-51	1	1	655.1132756	767.654516	4738.884315	7986.112873	5267.249342	5014.947894	P20742	PZP	P20742	9985.9264506	927.530933325	559.3185352749999	4026.3488129999996	3999.048567	743.4247343	4012.6986899999997	2.432314235828922	0.000324803013214	0.0120070199120226
PG254034	sp|Q92614-2|MY18A_HUMAN Isoform 2 of Unconventional myosin-XVIIIa OS=Homo sapiens GN=MYO18A	1723	40.98	1.509	9.344	1	163	64	62	36	32	31	0.0	1	1	2156.939571	2381.693093	1991.051307	2646.646379	2559.208585	876.8140392	Q92614-2	MYO18A	Q92614-2	8857.071725	2837.8495952499998	2879.2818005	1693.35222325	1596.613865	2858.565697875	1644.983044125	-0.7972187345682125	0.0001161704467933	0.0066708344667597
PG252871	tr|D4PHA4|D4PHA4_HUMAN GC-rich promoter binding protein 1; isoform CRA_c OS=Homo sapiens GN=GPBP1 PE=1 SV=1	493	13.79	13.79	4.26	3	18	5	0	1	1	0	7.36e-71	1	1	1931.546038	2022.345676	1701.734649	1873.56548	2149.915612	2220.618527	Q86WP2|Q86WP2-2|D4PHA4	GPBP1	D4PHA4	7892.407432	2621.02234225	2333.77153525	1221.400189	1693.35222325	2477.39693875	1457.376206125	-0.7654516998340182	0.008766164370757	0.0776500459051355
PG244822	sp|P55036|PSMD4_HUMAN 26S proteasome non-ATPase regulatory subunit 4 OS=Homo sapiens GN=PSMD4 PE=1 SV=1	377	38.73	6.897	11.14	1	56	14	12	11	8	7	6.780000000000001e-208	1	1	1275.553494	1964.530753	1678.12939	923.7563913	1474.449458	1343.487698	P55036	PSMD4	P55036	5062.4682463	1646.42706375	1842.6077615	1079.7005415	668.00350715	1744.517412625	873.852024325	-0.997367094087614	0.0103528438197654	0.0810835668686947
